fold,k,ratio,gen_seed,variable,type,real_pearson_with_target,syn_pearson_with_target,pearson_abs_diff,real_spearman_with_target,syn_spearman_with_target,spearman_abs_diff,sign_preserved,real_eta_squared_on_target,syn_eta_squared_on_target,eta_squared_abs_diff
1,1,1.0,0,interlayer_A,continuous,-0.14570311657987187,-0.2202520953016273,0.07454897872175542,-0.4378524920655315,-0.43622569938359407,0.001626792681937439,True,,,
1,1,1.0,0,h2so4_M,categorical,,,,,,,,0.12519549999818516,0.23928896340950537,0.1140934634113202
1,1,1.0,0,composition_family,categorical,,,,,,,,0.8505225516427101,0.9138229985428644,0.06330044690015435
1,1,1.0,0,scan_rate_mV_s,categorical,,,,,,,,0.06900409425273982,0.1202705038060852,0.05126640955334538
1,1,1.0,0,layer_class,categorical,,,,,,,,0.0034540703970807876,0.004457068200184284,0.0010029978031034963
1,1,3.0,0,interlayer_A,continuous,-0.14570311657987187,-0.16131442402831705,0.015611307448445189,-0.4378524920655315,-0.292005967005967,0.14584652505956452,True,,,
1,1,3.0,0,h2so4_M,categorical,,,,,,,,0.12519549999818516,0.11259735577491622,0.012598144223268937
1,1,3.0,0,composition_family,categorical,,,,,,,,0.8505225516427101,0.7891315881602392,0.06139096348247086
1,1,3.0,0,scan_rate_mV_s,categorical,,,,,,,,0.06900409425273982,0.022375309185769663,0.04662878506697016
1,1,3.0,0,layer_class,categorical,,,,,,,,0.0034540703970807876,0.0029590586061152852,0.0004950117909655024
1,1,5.25,0,interlayer_A,continuous,-0.14570311657987187,-0.12382661104687526,0.02187650553299661,-0.4378524920655315,-0.2956424911555513,0.1422100009099802,True,,,
1,1,5.25,0,h2so4_M,categorical,,,,,,,,0.12519549999818516,0.1690736179114366,0.04387811791325144
1,1,5.25,0,composition_family,categorical,,,,,,,,0.8505225516427101,0.5214375211098394,0.32908503053287064
1,1,5.25,0,scan_rate_mV_s,categorical,,,,,,,,0.06900409425273982,0.028906446975646514,0.04009764727709331
1,1,5.25,0,layer_class,categorical,,,,,,,,0.0034540703970807876,0.0017054622210040402,0.0017486081760767474
1,2,1.0,0,interlayer_A,continuous,-0.14570311657987187,-0.13015616708373742,0.015546949496134443,-0.4378524920655315,-0.22735893788525366,0.21049355418027785,True,,,
1,2,1.0,0,h2so4_M,categorical,,,,,,,,0.12519549999818516,0.23965909677047958,0.11446359677229442
1,2,1.0,0,composition_family,categorical,,,,,,,,0.8505225516427101,0.17331621847133102,0.677206333171379
1,2,1.0,0,scan_rate_mV_s,categorical,,,,,,,,0.06900409425273982,0.07523159595159697,0.006227501698857149
1,2,1.0,0,layer_class,categorical,,,,,,,,0.0034540703970807876,0.3094544362890916,0.3060003658920108
1,2,1.0,1,interlayer_A,continuous,-0.14570311657987187,-0.08730844451122667,0.058394672068645195,-0.4378524920655315,-0.44049312470365093,0.0026406326381194223,True,,,
1,2,1.0,1,h2so4_M,categorical,,,,,,,,0.12519549999818516,0.3665506853150225,0.24135518531683733
1,2,1.0,1,composition_family,categorical,,,,,,,,0.8505225516427101,0.186279441469694,0.6642431101730161
1,2,1.0,1,scan_rate_mV_s,categorical,,,,,,,,0.06900409425273982,0.11110733050026957,0.04210323624752975
1,2,1.0,1,layer_class,categorical,,,,,,,,0.0034540703970807876,0.06623584687107707,0.06278177647399628
1,2,1.0,2,interlayer_A,continuous,-0.14570311657987187,-0.11178844672987065,0.03391466985000122,-0.4378524920655315,-0.27524893314367,0.1626035589218615,True,,,
1,2,1.0,2,h2so4_M,categorical,,,,,,,,0.12519549999818516,0.22529445404833678,0.10009895405015162
1,2,1.0,2,composition_family,categorical,,,,,,,,0.8505225516427101,0.8154592297275145,0.03506332191519557
1,2,1.0,2,scan_rate_mV_s,categorical,,,,,,,,0.06900409425273982,0.09835482659176688,0.02935073233902706
1,2,1.0,2,layer_class,categorical,,,,,,,,0.0034540703970807876,0.0013165003403580702,0.0021375700567227173
1,2,3.0,0,interlayer_A,continuous,-0.14570311657987187,-0.20170422580521086,0.05600110922533899,-0.4378524920655315,-0.4312302562302562,0.006622235835275325,True,,,
1,2,3.0,0,h2so4_M,categorical,,,,,,,,0.12519549999818516,0.14750171320298086,0.0223062132047957
1,2,3.0,0,composition_family,categorical,,,,,,,,0.8505225516427101,0.6238733669591554,0.22664918468355466
1,2,3.0,0,scan_rate_mV_s,categorical,,,,,,,,0.06900409425273982,0.06665226361512601,0.002351830637613808
1,2,3.0,0,layer_class,categorical,,,,,,,,0.0034540703970807876,0.033508699031515314,0.030054628634434526
1,2,3.0,1,interlayer_A,continuous,-0.14570311657987187,-0.14281220917995371,0.0028909073999181523,-0.4378524920655315,-0.3861091611091611,0.051743330956370404,True,,,
1,2,3.0,1,h2so4_M,categorical,,,,,,,,0.12519549999818516,0.1702278392022579,0.045032339204072735
1,2,3.0,1,composition_family,categorical,,,,,,,,0.8505225516427101,0.8073525201888567,0.04317003145385334
1,2,3.0,1,scan_rate_mV_s,categorical,,,,,,,,0.06900409425273982,0.04567146593166051,0.02333262832107931
1,2,3.0,1,layer_class,categorical,,,,,,,,0.0034540703970807876,0.008660731897223316,0.0052066615001425285
1,2,3.0,2,interlayer_A,continuous,-0.14570311657987187,-0.24325559842304786,0.097552481843176,-0.4378524920655315,-0.5045279045279044,0.06667541246237291,True,,,
1,2,3.0,2,h2so4_M,categorical,,,,,,,,0.12519549999818516,0.08211591749001503,0.043079582508170136
1,2,3.0,2,composition_family,categorical,,,,,,,,0.8505225516427101,0.8606087081563026,0.01008615651359257
1,2,3.0,2,scan_rate_mV_s,categorical,,,,,,,,0.06900409425273982,0.12618423071340626,0.05718013646066644
1,2,3.0,2,layer_class,categorical,,,,,,,,0.0034540703970807876,0.0014157591319164202,0.002038311265164367
1,2,5.25,0,interlayer_A,continuous,-0.14570311657987187,-0.17352545427752653,0.02782233769765466,-0.4378524920655315,-0.4060787351103039,0.031773756955227606,True,,,
1,2,5.25,0,h2so4_M,categorical,,,,,,,,0.12519549999818516,0.14700612120583925,0.02181062120765409
1,2,5.25,0,composition_family,categorical,,,,,,,,0.8505225516427101,0.7342857075487481,0.11623684409396196
1,2,5.25,0,scan_rate_mV_s,categorical,,,,,,,,0.06900409425273982,0.06671551370217663,0.0022885805505631907
1,2,5.25,0,layer_class,categorical,,,,,,,,0.0034540703970807876,0.01893285555071411,0.015478785153633323
1,2,5.25,1,interlayer_A,continuous,-0.14570311657987187,-0.17332619609653618,0.027623079516664317,-0.4378524920655315,-0.4171629556277812,0.02068953643775029,True,,,
1,2,5.25,1,h2so4_M,categorical,,,,,,,,0.12519549999818516,0.14465801763245037,0.01946251763426521
1,2,5.25,1,composition_family,categorical,,,,,,,,0.8505225516427101,0.8557593145170297,0.005236762874319623
1,2,5.25,1,scan_rate_mV_s,categorical,,,,,,,,0.06900409425273982,0.07424374226264055,0.0052396480099007325
1,2,5.25,1,layer_class,categorical,,,,,,,,0.0034540703970807876,0.0027390406001659385,0.000715029796914849
1,2,5.25,2,interlayer_A,continuous,-0.14570311657987187,-0.0918943346954284,0.05380878188444346,-0.4378524920655315,-0.3148952431042063,0.1229572489613252,True,,,
1,2,5.25,2,h2so4_M,categorical,,,,,,,,0.12519549999818516,0.26824066060885643,0.14304516061067127
1,2,5.25,2,composition_family,categorical,,,,,,,,0.8505225516427101,0.5067412253037852,0.3437813263389249
1,2,5.25,2,scan_rate_mV_s,categorical,,,,,,,,0.06900409425273982,0.05487610919974795,0.01412798505299187
1,2,5.25,2,layer_class,categorical,,,,,,,,0.0034540703970807876,0.05784552881948952,0.05439145842240873
1,3,1.0,0,interlayer_A,continuous,-0.14570311657987187,-0.09606071105834903,0.04964240552152284,-0.4378524920655315,-0.2335229966808914,0.2043294953846401,True,,,
1,3,1.0,0,h2so4_M,categorical,,,,,,,,0.12519549999818516,0.229698476290853,0.10450297629266783
1,3,1.0,0,composition_family,categorical,,,,,,,,0.8505225516427101,0.9036332757644228,0.053110724121712694
1,3,1.0,0,scan_rate_mV_s,categorical,,,,,,,,0.06900409425273982,0.10725181491782287,0.03824772066508306
1,3,1.0,0,layer_class,categorical,,,,,,,,0.0034540703970807876,0.0012415473970570782,0.0022125230000237094
1,3,3.0,0,interlayer_A,continuous,-0.14570311657987187,-0.1800837970901401,0.03438068051026824,-0.4378524920655315,-0.3403299403299403,0.09752255173559121,True,,,
1,3,3.0,0,h2so4_M,categorical,,,,,,,,0.12519549999818516,0.09393628039112824,0.03125921960705692
1,3,3.0,0,composition_family,categorical,,,,,,,,0.8505225516427101,0.8514714436896373,0.0009488920469272744
1,3,3.0,0,scan_rate_mV_s,categorical,,,,,,,,0.06900409425273982,0.08212568016638414,0.013121585913644318
1,3,3.0,0,layer_class,categorical,,,,,,,,0.0034540703970807876,0.004684029860332497,0.0012299594632517096
1,3,5.25,0,interlayer_A,continuous,-0.14570311657987187,-0.18255421314283218,0.03685109656296032,-0.4378524920655315,-0.4201838330463938,0.017668659019137722,True,,,
1,3,5.25,0,h2so4_M,categorical,,,,,,,,0.12519549999818516,0.1364560077282333,0.011260507730048136
1,3,5.25,0,composition_family,categorical,,,,,,,,0.8505225516427101,0.8939958231876507,0.04347327154494063
1,3,5.25,0,scan_rate_mV_s,categorical,,,,,,,,0.06900409425273982,0.1205318375800784,0.05152774332733859
1,3,5.25,0,layer_class,categorical,,,,,,,,0.0034540703970807876,0.00480352980434237,0.001349459407261582
2,1,1.0,0,interlayer_A,continuous,-0.03631387009372811,-0.030656436400767113,0.005657433692960994,-0.10102061676600635,0.05808440018966335,0.1591050169556697,True,,,
2,1,1.0,0,h2so4_M,categorical,,,,,,,,0.11371962149505925,0.12247854123711789,0.00875891974205864
2,1,1.0,0,composition_family,categorical,,,,,,,,0.8555766915360582,0.12879796142437788,0.7267787301116804
2,1,1.0,0,scan_rate_mV_s,categorical,,,,,,,,0.2242284309172261,0.2853458106873763,0.06111737977015019
2,1,1.0,0,layer_class,categorical,,,,,,,,0.027507866190635163,0.07824569805741166,0.050737831866776495
2,1,3.0,0,interlayer_A,continuous,-0.03631387009372811,0.040941611257317864,0.07725548135104597,-0.10102061676600635,0.10769568269568269,0.20871629946168904,False,,,
2,1,3.0,0,h2so4_M,categorical,,,,,,,,0.11371962149505925,0.060990946748108926,0.052728674746950324
2,1,3.0,0,composition_family,categorical,,,,,,,,0.8555766915360582,0.8267722697290749,0.028804421806983282
2,1,3.0,0,scan_rate_mV_s,categorical,,,,,,,,0.2242284309172261,0.06380402013814862,0.1604244107790775
2,1,3.0,0,layer_class,categorical,,,,,,,,0.027507866190635163,0.06827662733245461,0.040768761141819446
2,1,5.25,0,interlayer_A,continuous,-0.03631387009372811,-0.08882345294817533,0.05250958285444722,-0.10102061676600635,-0.07447087392603123,0.02654974283997512,True,,,
2,1,5.25,0,h2so4_M,categorical,,,,,,,,0.11371962149505925,0.014229061688034296,0.09949055980702495
2,1,5.25,0,composition_family,categorical,,,,,,,,0.8555766915360582,0.8109747375780576,0.044601953958000595
2,1,5.25,0,scan_rate_mV_s,categorical,,,,,,,,0.2242284309172261,0.028136221843328812,0.1960922090738973
2,1,5.25,0,layer_class,categorical,,,,,,,,0.027507866190635163,0.018162815933626786,0.009345050257008377
2,2,1.0,0,interlayer_A,continuous,-0.03631387009372811,-0.07838523671875061,0.042071366625022505,-0.10102061676600635,-0.019677572309151254,0.0813430444568551,True,,,
2,2,1.0,0,h2so4_M,categorical,,,,,,,,0.11371962149505925,0.06978480124913304,0.04393482024592621
2,2,1.0,0,composition_family,categorical,,,,,,,,0.8555766915360582,0.8491805928910827,0.006396098644975479
2,2,1.0,0,scan_rate_mV_s,categorical,,,,,,,,0.2242284309172261,0.25871112442061295,0.03448269350338684
2,2,1.0,0,layer_class,categorical,,,,,,,,0.027507866190635163,0.011982688502589529,0.015525177688045634
2,2,1.0,1,interlayer_A,continuous,-0.03631387009372811,-0.04975400691007211,0.013440136816344005,-0.10102061676600635,-0.021337126600284494,0.07968349016572185,True,,,
2,2,1.0,1,h2so4_M,categorical,,,,,,,,0.11371962149505925,0.12241544100849813,0.008695819513438882
2,2,1.0,1,composition_family,categorical,,,,,,,,0.8555766915360582,0.8509144533060439,0.004662238230014326
2,2,1.0,1,scan_rate_mV_s,categorical,,,,,,,,0.2242284309172261,0.21888630046305124,0.005342130454174865
2,2,1.0,1,layer_class,categorical,,,,,,,,0.027507866190635163,0.05087034035334682,0.023362474162711654
2,2,1.0,2,interlayer_A,continuous,-0.03631387009372811,0.055400995221859296,0.0917148653155874,-0.10102061676600635,0.17899478425794213,0.2800154010239485,False,,,
2,2,1.0,2,h2so4_M,categorical,,,,,,,,0.11371962149505925,0.15106896942090126,0.037349347925842005
2,2,1.0,2,composition_family,categorical,,,,,,,,0.8555766915360582,0.8512367789581623,0.004339912577895899
2,2,1.0,2,scan_rate_mV_s,categorical,,,,,,,,0.2242284309172261,0.18881867356721327,0.03540975735001284
2,2,1.0,2,layer_class,categorical,,,,,,,,0.027507866190635163,0.07189768661324503,0.04438982042260986
2,2,3.0,0,interlayer_A,continuous,-0.03631387009372811,-0.10759576016406874,0.07128189007034064,-0.10102061676600635,-0.10007897507897508,0.0009416416870312722,True,,,
2,2,3.0,0,h2so4_M,categorical,,,,,,,,0.11371962149505925,0.014543311704548841,0.09917630979051041
2,2,3.0,0,composition_family,categorical,,,,,,,,0.8555766915360582,0.8801752566770714,0.024598565141013218
2,2,3.0,0,scan_rate_mV_s,categorical,,,,,,,,0.2242284309172261,0.2617577855764254,0.037529354659199265
2,2,3.0,0,layer_class,categorical,,,,,,,,0.027507866190635163,0.33236655884124416,0.304858692650609
2,2,3.0,1,interlayer_A,continuous,-0.03631387009372811,0.025837519256475778,0.06215138935020388,-0.10102061676600635,0.1543173043173043,0.25533792108331066,False,,,
2,2,3.0,1,h2so4_M,categorical,,,,,,,,0.11371962149505925,0.039721049480553244,0.073998572014506
2,2,3.0,1,composition_family,categorical,,,,,,,,0.8555766915360582,0.8174775769124817,0.03809911462357651
2,2,3.0,1,scan_rate_mV_s,categorical,,,,,,,,0.2242284309172261,0.18453027497912786,0.03969815593809825
2,2,3.0,1,layer_class,categorical,,,,,,,,0.027507866190635163,0.04520572685690133,0.017697860666266167
2,2,3.0,2,interlayer_A,continuous,-0.03631387009372811,-0.012012728837964448,0.02430114125576366,-0.10102061676600635,0.03649526149526149,0.13751587826126785,True,,,
2,2,3.0,2,h2so4_M,categorical,,,,,,,,0.11371962149505925,0.03668874148552527,0.07703088000953398
2,2,3.0,2,composition_family,categorical,,,,,,,,0.8555766915360582,0.6842718671440868,0.17130482439197137
2,2,3.0,2,scan_rate_mV_s,categorical,,,,,,,,0.2242284309172261,0.2350929926368608,0.01086456171963468
2,2,3.0,2,layer_class,categorical,,,,,,,,0.027507866190635163,0.032314098347058846,0.004806232156423684
2,2,5.25,0,interlayer_A,continuous,-0.03631387009372811,-0.02228677644667524,0.014027093647052867,-0.10102061676600635,0.012574114630628706,0.11359473139663506,True,,,
2,2,5.25,0,h2so4_M,categorical,,,,,,,,0.11371962149505925,0.03832623197491607,0.07539338952014318
2,2,5.25,0,composition_family,categorical,,,,,,,,0.8555766915360582,0.888847663166623,0.033270971630564805
2,2,5.25,0,scan_rate_mV_s,categorical,,,,,,,,0.2242284309172261,0.321253629479938,0.09702519856271191
2,2,5.25,0,layer_class,categorical,,,,,,,,0.027507866190635163,0.050241990837417747,0.022734124646782584
2,2,5.25,1,interlayer_A,continuous,-0.03631387009372811,-0.040522046347918166,0.004208176254190059,-0.10102061676600635,-0.06033947890686313,0.04068113785914322,True,,,
2,2,5.25,1,h2so4_M,categorical,,,,,,,,0.11371962149505925,0.06332570487331841,0.050393916621740836
2,2,5.25,1,composition_family,categorical,,,,,,,,0.8555766915360582,0.8756891895034968,0.020112497967438636
2,2,5.25,1,scan_rate_mV_s,categorical,,,,,,,,0.2242284309172261,0.2215128260954738,0.0027156048217523154
2,2,5.25,1,layer_class,categorical,,,,,,,,0.027507866190635163,0.026881718905434754,0.0006261472852004089
2,2,5.25,2,interlayer_A,continuous,-0.03631387009372811,0.027391654668857377,0.06370552476258548,-0.10102061676600635,0.003718571904032082,0.10473918867003842,False,,,
2,2,5.25,2,h2so4_M,categorical,,,,,,,,0.11371962149505925,0.04438567394637688,0.06933394754868237
2,2,5.25,2,composition_family,categorical,,,,,,,,0.8555766915360582,0.8815282410215053,0.02595154948544709
2,2,5.25,2,scan_rate_mV_s,categorical,,,,,,,,0.2242284309172261,0.29206736831556784,0.06783893739834174
2,2,5.25,2,layer_class,categorical,,,,,,,,0.027507866190635163,0.040255356948855736,0.012747490758220573
2,3,1.0,0,interlayer_A,continuous,-0.03631387009372811,0.01623217936633002,0.05254604946005813,-0.10102061676600635,0.05571360834518729,0.15673422511119364,False,,,
2,3,1.0,0,h2so4_M,categorical,,,,,,,,0.11371962149505925,0.11766149409320455,0.003941872598145296
2,3,1.0,0,composition_family,categorical,,,,,,,,0.8555766915360582,0.9088858828942364,0.05330919135817824
2,3,1.0,0,scan_rate_mV_s,categorical,,,,,,,,0.2242284309172261,0.12354681854234349,0.10068161237488261
2,3,1.0,0,layer_class,categorical,,,,,,,,0.027507866190635163,0.8790833008013175,0.8515754346106823
2,3,3.0,0,interlayer_A,continuous,-0.03631387009372811,-0.06079905648771941,0.024485186393991304,-0.10102061676600635,0.0012811512811512812,0.10230176804715763,True,,,
2,3,3.0,0,h2so4_M,categorical,,,,,,,,0.11371962149505925,0.1143686189255486,0.0006489974304893509
2,3,3.0,0,composition_family,categorical,,,,,,,,0.8555766915360582,0.9105593891663218,0.054982697630263644
2,3,3.0,0,scan_rate_mV_s,categorical,,,,,,,,0.2242284309172261,0.23097029592404464,0.0067418650068185315
2,3,3.0,0,layer_class,categorical,,,,,,,,0.027507866190635163,0.3819112256936784,0.35440335950304325
2,3,5.25,0,interlayer_A,continuous,-0.03631387009372811,-0.038667809806998986,0.002353939713270879,-0.10102061676600635,-0.04175401544131846,0.05926660132468789,True,,,
2,3,5.25,0,h2so4_M,categorical,,,,,,,,0.11371962149505925,0.14614713954375022,0.03242751804869097
2,3,5.25,0,composition_family,categorical,,,,,,,,0.8555766915360582,0.6985583664873299,0.15701832504872826
2,3,5.25,0,scan_rate_mV_s,categorical,,,,,,,,0.2242284309172261,0.1552188402342589,0.06900959068296722
2,3,5.25,0,layer_class,categorical,,,,,,,,0.027507866190635163,0.051082933305528135,0.023575067114892972
3,1,1.0,0,interlayer_A,continuous,-0.10413456126725046,-0.2945094794418089,0.19037491817455843,-0.25858446329249163,-0.422037422037422,0.16345295874493038,True,,,
3,1,1.0,0,h2so4_M,categorical,,,,,,,,0.22741478396345396,0.10351859123551248,0.12389619272794149
3,1,1.0,0,composition_family,categorical,,,,,,,,0.01566126255814508,0.004691994243922974,0.010969268314222107
3,1,1.0,0,scan_rate_mV_s,categorical,,,,,,,,0.2012353019827379,0.17195509272341744,0.029280209259320455
3,1,1.0,0,layer_class,categorical,,,,,,,,0.021605105651223984,0.0022445472341543027,0.01936055841706968
3,1,3.0,0,interlayer_A,continuous,-0.10413456126725046,-0.22986829007783394,0.12573372881058348,-0.25858446329249163,-0.36141430914724293,0.1028298458547513,True,,,
3,1,3.0,0,h2so4_M,categorical,,,,,,,,0.22741478396345396,0.037497062600146056,0.18991772136330792
3,1,3.0,0,composition_family,categorical,,,,,,,,0.01566126255814508,0.013474554487956463,0.002186708070188618
3,1,3.0,0,scan_rate_mV_s,categorical,,,,,,,,0.2012353019827379,0.20186081454198831,0.0006255125592504185
3,1,3.0,0,layer_class,categorical,,,,,,,,0.021605105651223984,0.028931661387770837,0.007326555736546853
3,1,5.25,0,interlayer_A,continuous,-0.10413456126725046,-0.0876598079259239,0.01647475334132656,-0.25858446329249163,-0.24866271656791422,0.009921746724577407,True,,,
3,1,5.25,0,h2so4_M,categorical,,,,,,,,0.22741478396345396,0.0410550749858285,0.18635970897762547
3,1,5.25,0,composition_family,categorical,,,,,,,,0.01566126255814508,0.0008328727801055895,0.014828389778039491
3,1,5.25,0,scan_rate_mV_s,categorical,,,,,,,,0.2012353019827379,0.20583789844058958,0.004602596457851688
3,1,5.25,0,layer_class,categorical,,,,,,,,0.021605105651223984,0.00011167908017414824,0.021493426571049835
3,2,1.0,0,interlayer_A,continuous,-0.10413456126725046,-0.025638725811760264,0.07849583545549019,-0.25858446329249163,-0.34850640113798004,0.08992193784548841,True,,,
3,2,1.0,0,h2so4_M,categorical,,,,,,,,0.22741478396345396,0.36419333541234805,0.1367785514488941
3,2,1.0,0,composition_family,categorical,,,,,,,,0.01566126255814508,0.043904217557985015,0.028242954999839934
3,2,1.0,0,scan_rate_mV_s,categorical,,,,,,,,0.2012353019827379,0.4801304854502476,0.27889518346750974
3,2,1.0,0,layer_class,categorical,,,,,,,,0.021605105651223984,0.032221230810169796,0.010616125158945812
3,2,1.0,1,interlayer_A,continuous,-0.10413456126725046,-0.13849491337950384,0.034360352112253384,-0.25858446329249163,-0.44742313163365793,0.1888386683411663,True,,,
3,2,1.0,1,h2so4_M,categorical,,,,,,,,0.22741478396345396,0.3294741481252539,0.10205936416179992
3,2,1.0,1,composition_family,categorical,,,,,,,,0.01566126255814508,0.0022418497782606996,0.013419412779884381
3,2,1.0,1,scan_rate_mV_s,categorical,,,,,,,,0.2012353019827379,0.37523638591541775,0.17400108393267985
3,2,1.0,1,layer_class,categorical,,,,,,,,0.021605105651223984,0.07812326366268699,0.056518158011463
3,2,1.0,2,interlayer_A,continuous,-0.10413456126725046,-0.4498952334315846,0.34576067216433415,-0.25858446329249163,-0.5502790239632345,0.29169456067074284,True,,,
3,2,1.0,2,h2so4_M,categorical,,,,,,,,0.22741478396345396,0.10915734026580722,0.11825744369764675
3,2,1.0,2,composition_family,categorical,,,,,,,,0.01566126255814508,0.012997476312346434,0.0026637862457986466
3,2,1.0,2,scan_rate_mV_s,categorical,,,,,,,,0.2012353019827379,0.5057289335360357,0.3044936315532978
3,2,1.0,2,layer_class,categorical,,,,,,,,0.021605105651223984,0.20602488927093424,0.18441978361971026
3,2,3.0,0,interlayer_A,continuous,-0.10413456126725046,-0.0034448264023440433,0.10068973486490641,-0.25858446329249163,-0.24809947145663316,0.010484991835858465,True,,,
3,2,3.0,0,h2so4_M,categorical,,,,,,,,0.22741478396345396,0.3112704852352883,0.08385570127183431
3,2,3.0,0,composition_family,categorical,,,,,,,,0.01566126255814508,0.05649386079440582,0.04083259823626074
3,2,3.0,0,scan_rate_mV_s,categorical,,,,,,,,0.2012353019827379,0.16675977545819534,0.034475526524542555
3,2,3.0,0,layer_class,categorical,,,,,,,,0.021605105651223984,0.0557196227435931,0.034114517092369116
3,2,3.0,1,interlayer_A,continuous,-0.10413456126725046,-0.21030108564303074,0.10616652437578028,-0.25858446329249163,-0.3109252546525992,0.05234079136010755,True,,,
3,2,3.0,1,h2so4_M,categorical,,,,,,,,0.22741478396345396,0.29999998366247627,0.0725851996990223
3,2,3.0,1,composition_family,categorical,,,,,,,,0.01566126255814508,0.006804226068135402,0.008857036490009679
3,2,3.0,1,scan_rate_mV_s,categorical,,,,,,,,0.2012353019827379,0.3575516517650661,0.1563163497823282
3,2,3.0,1,layer_class,categorical,,,,,,,,0.021605105651223984,0.011320864086787202,0.010284241564436782
3,2,3.0,2,interlayer_A,continuous,-0.10413456126725046,-0.060255369188125525,0.04387919207912493,-0.25858446329249163,-0.21732650209594784,0.04125796119654379,True,,,
3,2,3.0,2,h2so4_M,categorical,,,,,,,,0.22741478396345396,0.1816882085907321,0.04572657537272187
3,2,3.0,2,composition_family,categorical,,,,,,,,0.01566126255814508,0.0022445941633023217,0.013416668394842759
3,2,3.0,2,scan_rate_mV_s,categorical,,,,,,,,0.2012353019827379,0.17905124572250689,0.02218405626023101
3,2,3.0,2,layer_class,categorical,,,,,,,,0.021605105651223984,0.024233495236632173,0.002628389585408189
3,2,5.25,0,interlayer_A,continuous,-0.10413456126725046,-0.097958679040831,0.00617588222641946,-0.25858446329249163,-0.29966399159979007,0.04107952830729844,True,,,
3,2,5.25,0,h2so4_M,categorical,,,,,,,,0.22741478396345396,0.21639105904467623,0.011023724918777733
3,2,5.25,0,composition_family,categorical,,,,,,,,0.01566126255814508,0.008137921297610885,0.007523341260534196
3,2,5.25,0,scan_rate_mV_s,categorical,,,,,,,,0.2012353019827379,0.20378841452178134,0.002553112539043445
3,2,5.25,0,layer_class,categorical,,,,,,,,0.021605105651223984,0.03148562814388811,0.009880522492664127
3,2,5.25,1,interlayer_A,continuous,-0.10413456126725046,-0.023839303746642712,0.08029525752060775,-0.25858446329249163,-0.14938873471836797,0.10919572857412366,True,,,
3,2,5.25,1,h2so4_M,categorical,,,,,,,,0.22741478396345396,0.1732294191981017,0.05418536476535227
3,2,5.25,1,composition_family,categorical,,,,,,,,0.01566126255814508,0.002162165622480696,0.013499096935664385
3,2,5.25,1,scan_rate_mV_s,categorical,,,,,,,,0.2012353019827379,0.13777133699493913,0.06346396498779877
3,2,5.25,1,layer_class,categorical,,,,,,,,0.021605105651223984,1.9981578066452884e-05,0.02158512407315753
3,2,5.25,2,interlayer_A,continuous,-0.10413456126725046,-0.14896414293571839,0.04482958166846793,-0.25858446329249163,-0.26956573914347864,0.010981275850987016,True,,,
3,2,5.25,2,h2so4_M,categorical,,,,,,,,0.22741478396345396,0.17135927451933683,0.056055509444117135
3,2,5.25,2,composition_family,categorical,,,,,,,,0.01566126255814508,0.000556385272977567,0.015104877285167514
3,2,5.25,2,scan_rate_mV_s,categorical,,,,,,,,0.2012353019827379,0.2308478136548003,0.029612511672062414
3,2,5.25,2,layer_class,categorical,,,,,,,,0.021605105651223984,0.010938713092252098,0.010666392558971886
3,3,1.0,0,interlayer_A,continuous,-0.10413456126725046,-0.29974773607867544,0.19561317481142498,-0.25858446329249163,-0.6253419411314148,0.3667574778389232,True,,,
3,3,1.0,0,h2so4_M,categorical,,,,,,,,0.22741478396345396,0.15412663651696698,0.07328814744648698
3,3,1.0,0,composition_family,categorical,,,,,,,,0.01566126255814508,0.0005973618145576588,0.015063900743587422
3,3,1.0,0,scan_rate_mV_s,categorical,,,,,,,,0.2012353019827379,0.4632310120910396,0.2619957101083017
3,3,1.0,0,layer_class,categorical,,,,,,,,0.021605105651223984,0.01236317470330264,0.009241930947921344
3,3,3.0,0,interlayer_A,continuous,-0.10413456126725046,-0.14584972881839176,0.0417151675511413,-0.25858446329249163,-0.2905368461554039,0.0319523828629123,True,,,
3,3,3.0,0,h2so4_M,categorical,,,,,,,,0.22741478396345396,0.2439894416441637,0.01657465768070973
3,3,3.0,0,composition_family,categorical,,,,,,,,0.01566126255814508,0.01694192541477915,0.0012806628566340676
3,3,3.0,0,scan_rate_mV_s,categorical,,,,,,,,0.2012353019827379,0.25168745581256224,0.05045215382982435
3,3,3.0,0,layer_class,categorical,,,,,,,,0.021605105651223984,0.0019450575333143905,0.019660048117909595
3,3,5.25,0,interlayer_A,continuous,-0.10413456126725046,-0.09087607442694848,0.01325848684030198,-0.25858446329249163,-0.221801545038626,0.03678291825386562,True,,,
3,3,5.25,0,h2so4_M,categorical,,,,,,,,0.22741478396345396,0.21650409713232155,0.010910686831132416
3,3,5.25,0,composition_family,categorical,,,,,,,,0.01566126255814508,0.006258175964724619,0.009403086593420462
3,3,5.25,0,scan_rate_mV_s,categorical,,,,,,,,0.2012353019827379,0.21708911010273854,0.015853808120000645
3,3,5.25,0,layer_class,categorical,,,,,,,,0.021605105651223984,2.936100298239232e-05,0.021575744648241593
4,1,1.0,0,interlayer_A,continuous,-0.0529377842125629,0.05235411189201474,0.10529189610457765,-0.2840759557467533,-0.07254623044096728,0.21152972530578604,False,,,
4,1,1.0,0,h2so4_M,categorical,,,,,,,,0.12715505640520766,0.08147119828515437,0.045683858120053294
4,1,1.0,0,composition_family,categorical,,,,,,,,0.8848008323236328,0.8099291372059835,0.07487169511764935
4,1,1.0,0,scan_rate_mV_s,categorical,,,,,,,,0.053195817503489305,0.05986862295575859,0.0066728054522692815
4,1,1.0,0,layer_class,categorical,,,,,,,,0.014845274520814532,0.015675510975287896,0.0008302364544733633
4,1,3.0,0,interlayer_A,continuous,-0.0529377842125629,-0.06173511822948554,0.00879733401692264,-0.2840759557467533,-0.03383082562119034,0.250245130125563,True,,,
4,1,3.0,0,h2so4_M,categorical,,,,,,,,0.12715505640520766,0.18354862526685548,0.056393568861647814
4,1,3.0,0,composition_family,categorical,,,,,,,,0.8848008323236328,0.8997401748185531,0.014939342494920238
4,1,3.0,0,scan_rate_mV_s,categorical,,,,,,,,0.053195817503489305,0.029470985336432665,0.02372483216705664
4,1,3.0,0,layer_class,categorical,,,,,,,,0.014845274520814532,0.06143885745277368,0.04659358293195914
4,1,5.25,0,interlayer_A,continuous,-0.0529377842125629,0.020398443438761533,0.07333622765132443,-0.2840759557467533,-0.049589739743493594,0.23448621600325972,False,,,
4,1,5.25,0,h2so4_M,categorical,,,,,,,,0.12715505640520766,0.13188375844691452,0.0047287020417068615
4,1,5.25,0,composition_family,categorical,,,,,,,,0.8848008323236328,0.8933398005694263,0.008538968245793477
4,1,5.25,0,scan_rate_mV_s,categorical,,,,,,,,0.053195817503489305,0.013473965832362255,0.03972185167112705
4,1,5.25,0,layer_class,categorical,,,,,,,,0.014845274520814532,0.030481534991967575,0.015636260471153043
4,2,1.0,0,interlayer_A,continuous,-0.0529377842125629,-0.08537076185800496,0.03243297764544206,-0.2840759557467533,-0.3290294342925922,0.044953478545838865,True,,,
4,2,1.0,0,h2so4_M,categorical,,,,,,,,0.12715505640520766,0.16452965204409786,0.0373745956388902
4,2,1.0,0,composition_family,categorical,,,,,,,,0.8848008323236328,0.9445141363209433,0.05971330399731045
4,2,1.0,0,scan_rate_mV_s,categorical,,,,,,,,0.053195817503489305,0.19508548388094357,0.14188966637745426
4,2,1.0,0,layer_class,categorical,,,,,,,,0.014845274520814532,0.027765015824487895,0.012919741303673363
4,2,1.0,1,interlayer_A,continuous,-0.0529377842125629,-0.06741313330856431,0.014475349096001414,-0.2840759557467533,-0.22245322245322244,0.06162273329353088,True,,,
4,2,1.0,1,h2so4_M,categorical,,,,,,,,0.12715505640520766,0.1390178592636143,0.01186280285840663
4,2,1.0,1,composition_family,categorical,,,,,,,,0.8848008323236328,0.8304565822703006,0.05434425005333221
4,2,1.0,1,scan_rate_mV_s,categorical,,,,,,,,0.053195817503489305,0.028237312131236918,0.024958505372252388
4,2,1.0,1,layer_class,categorical,,,,,,,,0.014845274520814532,0.005527337634412225,0.009317936886402308
4,2,1.0,2,interlayer_A,continuous,-0.0529377842125629,-0.008912016165752398,0.0440257680468105,-0.2840759557467533,-0.1438888280993544,0.1401871276473989,True,,,
4,2,1.0,2,h2so4_M,categorical,,,,,,,,0.12715505640520766,0.21795715072675786,0.0908020943215502
4,2,1.0,2,composition_family,categorical,,,,,,,,0.8848008323236328,0.9369223135299717,0.05212148120633886
4,2,1.0,2,scan_rate_mV_s,categorical,,,,,,,,0.053195817503489305,0.28105400365539573,0.22785818615190642
4,2,1.0,2,layer_class,categorical,,,,,,,,0.014845274520814532,0.11009639081638176,0.09525111629556722
4,2,3.0,0,interlayer_A,continuous,-0.0529377842125629,-0.06653997150488188,0.013602187292318976,-0.2840759557467533,-0.275292116401045,0.00878383934570831,True,,,
4,2,3.0,0,h2so4_M,categorical,,,,,,,,0.12715505640520766,0.131472067592246,0.004317011187038339
4,2,3.0,0,composition_family,categorical,,,,,,,,0.8848008323236328,0.7665367656148337,0.11826406670879908
4,2,3.0,0,scan_rate_mV_s,categorical,,,,,,,,0.053195817503489305,0.05385981530983758,0.0006639978063482724
4,2,3.0,0,layer_class,categorical,,,,,,,,0.014845274520814532,0.009970087766643482,0.00487518675417105
4,2,3.0,1,interlayer_A,continuous,-0.0529377842125629,-0.08629708652538153,0.033359302312818626,-0.2840759557467533,-0.3550069864927807,0.07093103074602736,True,,,
4,2,3.0,1,h2so4_M,categorical,,,,,,,,0.12715505640520766,0.12648298541238692,0.0006720709928207391
4,2,3.0,1,composition_family,categorical,,,,,,,,0.8848008323236328,0.7521807783688461,0.1326200539547867
4,2,3.0,1,scan_rate_mV_s,categorical,,,,,,,,0.053195817503489305,0.027370870119706348,0.025824947383782958
4,2,3.0,1,layer_class,categorical,,,,,,,,0.014845274520814532,0.016729206951659654,0.0018839324308451214
4,2,3.0,2,interlayer_A,continuous,-0.0529377842125629,-0.012048205691023436,0.04088957852153946,-0.2840759557467533,-0.04940766691642535,0.23466828883032798,True,,,
4,2,3.0,2,h2so4_M,categorical,,,,,,,,0.12715505640520766,0.12152320682077528,0.005631849584432386
4,2,3.0,2,composition_family,categorical,,,,,,,,0.8848008323236328,0.8627789900171813,0.022021842306451545
4,2,3.0,2,scan_rate_mV_s,categorical,,,,,,,,0.053195817503489305,0.05470122106074795,0.0015054035572586444
4,2,3.0,2,layer_class,categorical,,,,,,,,0.014845274520814532,0.0019061930141609862,0.012939081506653547
4,2,5.25,0,interlayer_A,continuous,-0.0529377842125629,-0.0584837724162962,0.005545988203733303,-0.2840759557467533,-0.13735243381084528,0.14672352193590804,True,,,
4,2,5.25,0,h2so4_M,categorical,,,,,,,,0.12715505640520766,0.1601096110576176,0.03295455465240993
4,2,5.25,0,composition_family,categorical,,,,,,,,0.8848008323236328,0.8959035213801871,0.011102689056554316
4,2,5.25,0,scan_rate_mV_s,categorical,,,,,,,,0.053195817503489305,0.0579419654404076,0.004746147936918292
4,2,5.25,0,layer_class,categorical,,,,,,,,0.014845274520814532,0.012352893812447217,0.002492380708367315
4,2,5.25,1,interlayer_A,continuous,-0.0529377842125629,-0.024791537526664097,0.028146246685898803,-0.2840759557467533,-0.15998649966249157,0.12408945608426175,True,,,
4,2,5.25,1,h2so4_M,categorical,,,,,,,,0.12715505640520766,0.11255230417116448,0.014602752234043184
4,2,5.25,1,composition_family,categorical,,,,,,,,0.8848008323236328,0.8086629022187121,0.07613793010492076
4,2,5.25,1,scan_rate_mV_s,categorical,,,,,,,,0.053195817503489305,0.03964276453486197,0.013553052968627334
4,2,5.25,1,layer_class,categorical,,,,,,,,0.014845274520814532,0.009222058656185195,0.005623215864629338
4,2,5.25,2,interlayer_A,continuous,-0.0529377842125629,-0.0298307623566742,0.0231070218558887,-0.2840759557467533,-0.17735993399835,0.1067160217484033,True,,,
4,2,5.25,2,h2so4_M,categorical,,,,,,,,0.12715505640520766,0.14160571474867656,0.014450658343468897
4,2,5.25,2,composition_family,categorical,,,,,,,,0.8848008323236328,0.8873337564117143,0.0025329240880814785
4,2,5.25,2,scan_rate_mV_s,categorical,,,,,,,,0.053195817503489305,0.08291452176919005,0.029718704265700745
4,2,5.25,2,layer_class,categorical,,,,,,,,0.014845274520814532,0.030284849320155863,0.01543957479934133
4,3,1.0,0,interlayer_A,continuous,-0.0529377842125629,-0.11174984931096406,0.05881206509840116,-0.2840759557467533,-0.4756537914432651,0.19157783569651177,True,,,
4,3,1.0,0,h2so4_M,categorical,,,,,,,,0.12715505640520766,0.1655285697916508,0.038373513386443125
4,3,1.0,0,composition_family,categorical,,,,,,,,0.8848008323236328,0.8537223523433927,0.03107847998024016
4,3,1.0,0,scan_rate_mV_s,categorical,,,,,,,,0.053195817503489305,0.06462555290364692,0.011429735400157619
4,3,1.0,0,layer_class,categorical,,,,,,,,0.014845274520814532,0.008653072219539296,0.0061922023012752365
4,3,3.0,0,interlayer_A,continuous,-0.0529377842125629,-0.07112298083534949,0.018185196622786587,-0.2840759557467533,-0.26475365018934416,0.01932230555740916,True,,,
4,3,3.0,0,h2so4_M,categorical,,,,,,,,0.12715505640520766,0.09114253534236617,0.03601252106284149
4,3,3.0,0,composition_family,categorical,,,,,,,,0.8848008323236328,0.8518646157253756,0.032936216598257184
4,3,3.0,0,scan_rate_mV_s,categorical,,,,,,,,0.053195817503489305,0.046559384038037555,0.006636433465451751
4,3,3.0,0,layer_class,categorical,,,,,,,,0.014845274520814532,0.0030243595636066075,0.011820914957207926
4,3,5.25,0,interlayer_A,continuous,-0.0529377842125629,-0.05074606533735877,0.0021917188752041267,-0.2840759557467533,-0.19981249531238282,0.0842634604343705,True,,,
4,3,5.25,0,h2so4_M,categorical,,,,,,,,0.12715505640520766,0.14607765398166392,0.018922597576456257
4,3,5.25,0,composition_family,categorical,,,,,,,,0.8848008323236328,0.8225046293835214,0.0622962029401114
4,3,5.25,0,scan_rate_mV_s,categorical,,,,,,,,0.053195817503489305,0.06381824069121228,0.010622423187722975
4,3,5.25,0,layer_class,categorical,,,,,,,,0.014845274520814532,0.010175855135541112,0.00466941938527342
5,1,1.0,0,interlayer_A,continuous,0.0539358822526164,0.14787823766398708,0.09394235541137069,-0.2955711643014451,0.027683553999343476,0.32325471830078856,True,,,
5,1,1.0,0,h2so4_M,categorical,,,,,,,,0.15278730094037501,0.2089974730926746,0.05621017215229959
5,1,1.0,0,composition_family,categorical,,,,,,,,0.8642677512309784,0.013565702356374401,0.850702048874604
5,1,1.0,0,scan_rate_mV_s,categorical,,,,,,,,0.052262032325197647,0.07859703460249884,0.026335002277301192
5,1,1.0,0,layer_class,categorical,,,,,,,,0.015640881126869375,0.058379943498784184,0.04273906237191481
5,1,3.0,0,interlayer_A,continuous,0.0539358822526164,0.10077035376887748,0.046834471516261085,-0.2955711643014451,-0.2041473441202082,0.09142382018123688,True,,,
5,1,3.0,0,h2so4_M,categorical,,,,,,,,0.15278730094037501,0.1043376891966038,0.048449611743771215
5,1,3.0,0,composition_family,categorical,,,,,,,,0.8642677512309784,0.11346576669092702,0.7508019845400514
5,1,3.0,0,scan_rate_mV_s,categorical,,,,,,,,0.052262032325197647,0.011545235898326327,0.040716796426871316
5,1,3.0,0,layer_class,categorical,,,,,,,,0.015640881126869375,0.03722547400947632,0.021584592882606942
5,1,5.25,0,interlayer_A,continuous,0.0539358822526164,0.04477100153453286,0.009164880718083537,-0.2955711643014451,-0.2702002550063752,0.02537090929506991,True,,,
5,1,5.25,0,h2so4_M,categorical,,,,,,,,0.15278730094037501,0.05384491052564265,0.09894239041473236
5,1,5.25,0,composition_family,categorical,,,,,,,,0.8642677512309784,0.0838371517203025,0.780430599510676
5,1,5.25,0,scan_rate_mV_s,categorical,,,,,,,,0.052262032325197647,0.02883657244871172,0.023425459876485928
5,1,5.25,0,layer_class,categorical,,,,,,,,0.015640881126869375,0.015025708355469061,0.000615172771400314
5,2,1.0,0,interlayer_A,continuous,0.0539358822526164,-0.0023284411823471613,0.056264323434963556,-0.2955711643014451,-0.19794288215340847,0.09762828214803662,False,,,
5,2,1.0,0,h2so4_M,categorical,,,,,,,,0.15278730094037501,0.020967136454616148,0.13182016448575887
5,2,1.0,0,composition_family,categorical,,,,,,,,0.8642677512309784,0.8999127118361546,0.03564496060517619
5,2,1.0,0,scan_rate_mV_s,categorical,,,,,,,,0.052262032325197647,0.02828162603329495,0.023980406291902696
5,2,1.0,0,layer_class,categorical,,,,,,,,0.015640881126869375,0.002099817537561965,0.013541063589307411
5,2,1.0,1,interlayer_A,continuous,0.0539358822526164,0.04844016803943994,0.005495714213176454,-0.2955711643014451,-0.20078783236677972,0.09478333193466537,True,,,
5,2,1.0,1,h2so4_M,categorical,,,,,,,,0.15278730094037501,0.16099303899195722,0.008205738051582201
5,2,1.0,1,composition_family,categorical,,,,,,,,0.8642677512309784,0.8806006966633387,0.016332945432360302
5,2,1.0,1,scan_rate_mV_s,categorical,,,,,,,,0.052262032325197647,0.029127113842271055,0.023134918482926592
5,2,1.0,1,layer_class,categorical,,,,,,,,0.015640881126869375,0.029711047285525857,0.014070166158656482
5,2,1.0,2,interlayer_A,continuous,0.0539358822526164,0.09906302572937696,0.04512714347676056,-0.2955711643014451,-0.07254623044096728,0.2230249338604778,True,,,
5,2,1.0,2,h2so4_M,categorical,,,,,,,,0.15278730094037501,0.223208722527027,0.07042142158665199
5,2,1.0,2,composition_family,categorical,,,,,,,,0.8642677512309784,0.941723936205475,0.07745618497449658
5,2,1.0,2,scan_rate_mV_s,categorical,,,,,,,,0.052262032325197647,0.23413047073838916,0.1818684384131915
5,2,1.0,2,layer_class,categorical,,,,,,,,0.015640881126869375,0.04531827599215058,0.029677394865281207
5,2,3.0,0,interlayer_A,continuous,0.0539358822526164,0.032238546518993424,0.021697335733622973,-0.2955711643014451,-0.355476802818898,0.0599056385174529,True,,,
5,2,3.0,0,h2so4_M,categorical,,,,,,,,0.15278730094037501,0.08075383000109373,0.07203347093928128
5,2,3.0,0,composition_family,categorical,,,,,,,,0.8642677512309784,0.8899150648182409,0.025647313587262466
5,2,3.0,0,scan_rate_mV_s,categorical,,,,,,,,0.052262032325197647,0.06185126776818401,0.009589235442986364
5,2,3.0,0,layer_class,categorical,,,,,,,,0.015640881126869375,0.019913379427982377,0.004272498301113002
5,2,3.0,1,interlayer_A,continuous,0.0539358822526164,0.02595617501004606,0.02797970724257034,-0.2955711643014451,-0.2713877807253802,0.024183383576064865,True,,,
5,2,3.0,1,h2so4_M,categorical,,,,,,,,0.15278730094037501,0.01855748837004582,0.1342298125703292
5,2,3.0,1,composition_family,categorical,,,,,,,,0.8642677512309784,0.8442960533024927,0.019971697928485743
5,2,3.0,1,scan_rate_mV_s,categorical,,,,,,,,0.052262032325197647,0.06236162052329238,0.010099588198094735
5,2,3.0,1,layer_class,categorical,,,,,,,,0.015640881126869375,0.01384799168739544,0.0017928894394739353
5,2,3.0,2,interlayer_A,continuous,0.0539358822526164,0.013131531837427036,0.04080435041518936,-0.2955711643014451,-0.3411717057167737,0.0456005414153286,True,,,
5,2,3.0,2,h2so4_M,categorical,,,,,,,,0.15278730094037501,0.17793020385357997,0.02514290291320495
5,2,3.0,2,composition_family,categorical,,,,,,,,0.8642677512309784,0.9136273872775377,0.04935963604655924
5,2,3.0,2,scan_rate_mV_s,categorical,,,,,,,,0.052262032325197647,0.08283241629853653,0.030570383973338888
5,2,3.0,2,layer_class,categorical,,,,,,,,0.015640881126869375,0.01573454748807037,9.366636120099539e-05
5,2,5.25,0,interlayer_A,continuous,0.0539358822526164,0.05643102944760323,0.0024951471949868353,-0.2955711643014451,-0.22165604140103504,0.07391512290041005,True,,,
5,2,5.25,0,h2so4_M,categorical,,,,,,,,0.15278730094037501,0.08076735759626677,0.07201994334410824
5,2,5.25,0,composition_family,categorical,,,,,,,,0.8642677512309784,0.762282839769723,0.10198491146125543
5,2,5.25,0,scan_rate_mV_s,categorical,,,,,,,,0.052262032325197647,0.026926290639033814,0.025335741686163833
5,2,5.25,0,layer_class,categorical,,,,,,,,0.015640881126869375,0.01792064676414777,0.0022797656372783963
5,2,5.25,1,interlayer_A,continuous,0.0539358822526164,0.04884067517900973,0.005095207073606667,-0.2955711643014451,-0.19481437035925903,0.10075679394218606,True,,,
5,2,5.25,1,h2so4_M,categorical,,,,,,,,0.15278730094037501,0.07952822681691162,0.0732590741234634
5,2,5.25,1,composition_family,categorical,,,,,,,,0.8642677512309784,0.7716023911648862,0.09266536006609227
5,2,5.25,1,scan_rate_mV_s,categorical,,,,,,,,0.052262032325197647,0.04581370059930258,0.006448331725895068
5,2,5.25,1,layer_class,categorical,,,,,,,,0.015640881126869375,0.017400898977585462,0.001760017850716087
5,2,5.25,2,interlayer_A,continuous,0.0539358822526164,0.0005558896163649918,0.05337999263625141,-0.2955711643014451,-0.3079861996549914,0.012415035353546322,True,,,
5,2,5.25,2,h2so4_M,categorical,,,,,,,,0.15278730094037501,0.17314889661610336,0.020361595675728345
5,2,5.25,2,composition_family,categorical,,,,,,,,0.8642677512309784,0.7484987074001321,0.1157690438308463
5,2,5.25,2,scan_rate_mV_s,categorical,,,,,,,,0.052262032325197647,0.05305290806594477,0.0007908757407471267
5,2,5.25,2,layer_class,categorical,,,,,,,,0.015640881126869375,0.01895202700726048,0.0033111458803911052
5,3,1.0,0,interlayer_A,continuous,0.0539358822526164,-0.04314444820011936,0.09708033045273576,-0.2955711643014451,-0.5824488456067403,0.2868776813052952,False,,,
5,3,1.0,0,h2so4_M,categorical,,,,,,,,0.15278730094037501,0.12929034180045,0.023496959139925028
5,3,1.0,0,composition_family,categorical,,,,,,,,0.8642677512309784,0.9326430303599029,0.0683752791289245
5,3,1.0,0,scan_rate_mV_s,categorical,,,,,,,,0.052262032325197647,0.03153405845506197,0.020727973870135676
5,3,1.0,0,layer_class,categorical,,,,,,,,0.015640881126869375,0.003659017053382458,0.011981864073486916
5,3,3.0,0,interlayer_A,continuous,0.0539358822526164,0.06828370868364335,0.014347826431026951,-0.2955711643014451,-0.20027540957048257,0.09529575473096252,True,,,
5,3,3.0,0,h2so4_M,categorical,,,,,,,,0.15278730094037501,0.169145352008014,0.01635805106763899
5,3,3.0,0,composition_family,categorical,,,,,,,,0.8642677512309784,0.8786841081395367,0.014416356908558248
5,3,3.0,0,scan_rate_mV_s,categorical,,,,,,,,0.052262032325197647,0.01758654711596112,0.03467548520923652
5,3,3.0,0,layer_class,categorical,,,,,,,,0.015640881126869375,0.029030076968926948,0.013389195842057573
5,3,5.25,0,interlayer_A,continuous,0.0539358822526164,0.0591357847646685,0.005199902512052101,-0.2955711643014451,-0.19060976524413115,0.10496139905731394,True,,,
5,3,5.25,0,h2so4_M,categorical,,,,,,,,0.15278730094037501,0.19469285452174742,0.04190555358137241
5,3,5.25,0,composition_family,categorical,,,,,,,,0.8642677512309784,0.9083731974616015,0.04410544623062307
5,3,5.25,0,scan_rate_mV_s,categorical,,,,,,,,0.052262032325197647,0.03987328417265891,0.012388748152538737
5,3,5.25,0,layer_class,categorical,,,,,,,,0.015640881126869375,0.017330422463642765,0.0016895413367733897
