fold,k,ratio,gen_seed,condition,paper_id,y_true,y_pred
1,1,1.0,0,B_real_plus_1.0x,10.1016/j.ensm.2023.103148,280.0,395.70203
1,1,1.0,0,B_real_plus_1.0x,10.1016/j.ensm.2023.103148,292.0,386.67535
1,1,1.0,0,B_real_plus_1.0x,10.1016/j.ensm.2023.103148,289.0,386.67535
1,1,1.0,0,B_real_plus_1.0x,10.1016/j.ensm.2023.103148,300.0,386.67535
1,1,1.0,0,B_real_plus_1.0x,10.1016/j.ensm.2023.103148,277.0,386.67535
1,1,1.0,0,B_real_plus_1.0x,10.1016/j.ensm.2023.103148,100.0,386.67535
1,1,1.0,0,B_real_plus_1.0x,10.1016/j.ensm.2023.103148,286.0,386.67535
1,1,1.0,0,B_real_plus_1.0x,10.1016/j.ensm.2023.103148,240.0,395.70203
1,1,1.0,0,B_real_plus_1.0x,10.1002/batt.201800014,234.0,321.1567
1,1,1.0,0,B_real_plus_1.0x,10.1021/acsnano.2c03351,287.9,364.50113
1,1,3.0,0,C_real_plus_3.0x,10.1016/j.ensm.2023.103148,280.0,376.41687
1,1,3.0,0,C_real_plus_3.0x,10.1016/j.ensm.2023.103148,292.0,380.02872
1,1,3.0,0,C_real_plus_3.0x,10.1016/j.ensm.2023.103148,289.0,380.02872
1,1,3.0,0,C_real_plus_3.0x,10.1016/j.ensm.2023.103148,300.0,380.02872
1,1,3.0,0,C_real_plus_3.0x,10.1016/j.ensm.2023.103148,277.0,380.02872
1,1,3.0,0,C_real_plus_3.0x,10.1016/j.ensm.2023.103148,100.0,380.02872
1,1,3.0,0,C_real_plus_3.0x,10.1016/j.ensm.2023.103148,286.0,380.02872
1,1,3.0,0,C_real_plus_3.0x,10.1016/j.ensm.2023.103148,240.0,376.41687
1,1,3.0,0,C_real_plus_3.0x,10.1002/batt.201800014,234.0,284.41916
1,1,3.0,0,C_real_plus_3.0x,10.1021/acsnano.2c03351,287.9,367.55487
1,1,5.25,0,D_real_plus_5.25x,10.1016/j.ensm.2023.103148,280.0,378.07257
1,1,5.25,0,D_real_plus_5.25x,10.1016/j.ensm.2023.103148,292.0,396.18216
1,1,5.25,0,D_real_plus_5.25x,10.1016/j.ensm.2023.103148,289.0,396.18216
1,1,5.25,0,D_real_plus_5.25x,10.1016/j.ensm.2023.103148,300.0,396.18216
1,1,5.25,0,D_real_plus_5.25x,10.1016/j.ensm.2023.103148,277.0,396.18216
1,1,5.25,0,D_real_plus_5.25x,10.1016/j.ensm.2023.103148,100.0,396.18216
1,1,5.25,0,D_real_plus_5.25x,10.1016/j.ensm.2023.103148,286.0,396.18216
1,1,5.25,0,D_real_plus_5.25x,10.1016/j.ensm.2023.103148,240.0,378.07257
1,1,5.25,0,D_real_plus_5.25x,10.1002/batt.201800014,234.0,228.54018
1,1,5.25,0,D_real_plus_5.25x,10.1021/acsnano.2c03351,287.9,344.497
1,2,0.0,0,A_real_only,10.1016/j.ensm.2023.103148,280.0,359.59802
1,2,0.0,0,A_real_only,10.1016/j.ensm.2023.103148,292.0,363.5284
1,2,0.0,0,A_real_only,10.1016/j.ensm.2023.103148,289.0,363.5284
1,2,0.0,0,A_real_only,10.1016/j.ensm.2023.103148,300.0,363.5284
1,2,0.0,0,A_real_only,10.1016/j.ensm.2023.103148,277.0,363.5284
1,2,0.0,0,A_real_only,10.1016/j.ensm.2023.103148,100.0,363.5284
1,2,0.0,0,A_real_only,10.1016/j.ensm.2023.103148,286.0,363.5284
1,2,0.0,0,A_real_only,10.1016/j.ensm.2023.103148,240.0,359.59802
1,2,0.0,0,A_real_only,10.1002/batt.201800014,234.0,306.73618
1,2,0.0,0,A_real_only,10.1021/acsnano.2c03351,287.9,324.0927
1,2,1.0,0,B_real_plus_1.0x,10.1016/j.ensm.2023.103148,280.0,389.6411
1,2,1.0,0,B_real_plus_1.0x,10.1016/j.ensm.2023.103148,292.0,395.874
1,2,1.0,0,B_real_plus_1.0x,10.1016/j.ensm.2023.103148,289.0,395.874
1,2,1.0,0,B_real_plus_1.0x,10.1016/j.ensm.2023.103148,300.0,395.874
1,2,1.0,0,B_real_plus_1.0x,10.1016/j.ensm.2023.103148,277.0,395.874
1,2,1.0,0,B_real_plus_1.0x,10.1016/j.ensm.2023.103148,100.0,395.874
1,2,1.0,0,B_real_plus_1.0x,10.1016/j.ensm.2023.103148,286.0,395.874
1,2,1.0,0,B_real_plus_1.0x,10.1016/j.ensm.2023.103148,240.0,389.6411
1,2,1.0,0,B_real_plus_1.0x,10.1002/batt.201800014,234.0,239.86577
1,2,1.0,0,B_real_plus_1.0x,10.1021/acsnano.2c03351,287.9,374.69125
1,2,1.0,1,B_real_plus_1.0x,10.1016/j.ensm.2023.103148,280.0,360.52652
1,2,1.0,1,B_real_plus_1.0x,10.1016/j.ensm.2023.103148,292.0,377.70056
1,2,1.0,1,B_real_plus_1.0x,10.1016/j.ensm.2023.103148,289.0,377.70056
1,2,1.0,1,B_real_plus_1.0x,10.1016/j.ensm.2023.103148,300.0,377.70056
1,2,1.0,1,B_real_plus_1.0x,10.1016/j.ensm.2023.103148,277.0,377.70056
1,2,1.0,1,B_real_plus_1.0x,10.1016/j.ensm.2023.103148,100.0,377.70056
1,2,1.0,1,B_real_plus_1.0x,10.1016/j.ensm.2023.103148,286.0,377.70056
1,2,1.0,1,B_real_plus_1.0x,10.1016/j.ensm.2023.103148,240.0,360.52652
1,2,1.0,1,B_real_plus_1.0x,10.1002/batt.201800014,234.0,306.29764
1,2,1.0,1,B_real_plus_1.0x,10.1021/acsnano.2c03351,287.9,338.01862
1,2,1.0,2,B_real_plus_1.0x,10.1016/j.ensm.2023.103148,280.0,380.47046
1,2,1.0,2,B_real_plus_1.0x,10.1016/j.ensm.2023.103148,292.0,392.0618
1,2,1.0,2,B_real_plus_1.0x,10.1016/j.ensm.2023.103148,289.0,392.0618
1,2,1.0,2,B_real_plus_1.0x,10.1016/j.ensm.2023.103148,300.0,392.0618
1,2,1.0,2,B_real_plus_1.0x,10.1016/j.ensm.2023.103148,277.0,392.0618
1,2,1.0,2,B_real_plus_1.0x,10.1016/j.ensm.2023.103148,100.0,392.0618
1,2,1.0,2,B_real_plus_1.0x,10.1016/j.ensm.2023.103148,286.0,392.0618
1,2,1.0,2,B_real_plus_1.0x,10.1016/j.ensm.2023.103148,240.0,380.47046
1,2,1.0,2,B_real_plus_1.0x,10.1002/batt.201800014,234.0,357.90567
1,2,1.0,2,B_real_plus_1.0x,10.1021/acsnano.2c03351,287.9,383.099
1,2,3.0,0,C_real_plus_3.0x,10.1016/j.ensm.2023.103148,280.0,370.31708
1,2,3.0,0,C_real_plus_3.0x,10.1016/j.ensm.2023.103148,292.0,381.4715
1,2,3.0,0,C_real_plus_3.0x,10.1016/j.ensm.2023.103148,289.0,381.4715
1,2,3.0,0,C_real_plus_3.0x,10.1016/j.ensm.2023.103148,300.0,381.4715
1,2,3.0,0,C_real_plus_3.0x,10.1016/j.ensm.2023.103148,277.0,381.4715
1,2,3.0,0,C_real_plus_3.0x,10.1016/j.ensm.2023.103148,100.0,381.4715
1,2,3.0,0,C_real_plus_3.0x,10.1016/j.ensm.2023.103148,286.0,381.4715
1,2,3.0,0,C_real_plus_3.0x,10.1016/j.ensm.2023.103148,240.0,370.31708
1,2,3.0,0,C_real_plus_3.0x,10.1002/batt.201800014,234.0,315.05292
1,2,3.0,0,C_real_plus_3.0x,10.1021/acsnano.2c03351,287.9,370.82245
1,2,3.0,1,C_real_plus_3.0x,10.1016/j.ensm.2023.103148,280.0,332.4219
1,2,3.0,1,C_real_plus_3.0x,10.1016/j.ensm.2023.103148,292.0,359.62073
1,2,3.0,1,C_real_plus_3.0x,10.1016/j.ensm.2023.103148,289.0,359.62073
1,2,3.0,1,C_real_plus_3.0x,10.1016/j.ensm.2023.103148,300.0,359.62073
1,2,3.0,1,C_real_plus_3.0x,10.1016/j.ensm.2023.103148,277.0,359.62073
1,2,3.0,1,C_real_plus_3.0x,10.1016/j.ensm.2023.103148,100.0,359.62073
1,2,3.0,1,C_real_plus_3.0x,10.1016/j.ensm.2023.103148,286.0,359.62073
1,2,3.0,1,C_real_plus_3.0x,10.1016/j.ensm.2023.103148,240.0,332.4219
1,2,3.0,1,C_real_plus_3.0x,10.1002/batt.201800014,234.0,233.31357
1,2,3.0,1,C_real_plus_3.0x,10.1021/acsnano.2c03351,287.9,353.90085
1,2,3.0,2,C_real_plus_3.0x,10.1016/j.ensm.2023.103148,280.0,339.8923
1,2,3.0,2,C_real_plus_3.0x,10.1016/j.ensm.2023.103148,292.0,403.9932
1,2,3.0,2,C_real_plus_3.0x,10.1016/j.ensm.2023.103148,289.0,403.9932
1,2,3.0,2,C_real_plus_3.0x,10.1016/j.ensm.2023.103148,300.0,403.9932
1,2,3.0,2,C_real_plus_3.0x,10.1016/j.ensm.2023.103148,277.0,403.9932
1,2,3.0,2,C_real_plus_3.0x,10.1016/j.ensm.2023.103148,100.0,403.9932
1,2,3.0,2,C_real_plus_3.0x,10.1016/j.ensm.2023.103148,286.0,403.9932
1,2,3.0,2,C_real_plus_3.0x,10.1016/j.ensm.2023.103148,240.0,339.8923
1,2,3.0,2,C_real_plus_3.0x,10.1002/batt.201800014,234.0,293.25052
1,2,3.0,2,C_real_plus_3.0x,10.1021/acsnano.2c03351,287.9,303.67673
1,2,5.25,0,D_real_plus_5.25x,10.1016/j.ensm.2023.103148,280.0,365.44968
1,2,5.25,0,D_real_plus_5.25x,10.1016/j.ensm.2023.103148,292.0,392.78455
1,2,5.25,0,D_real_plus_5.25x,10.1016/j.ensm.2023.103148,289.0,392.78455
1,2,5.25,0,D_real_plus_5.25x,10.1016/j.ensm.2023.103148,300.0,392.78455
1,2,5.25,0,D_real_plus_5.25x,10.1016/j.ensm.2023.103148,277.0,392.78455
1,2,5.25,0,D_real_plus_5.25x,10.1016/j.ensm.2023.103148,100.0,392.78455
1,2,5.25,0,D_real_plus_5.25x,10.1016/j.ensm.2023.103148,286.0,392.78455
1,2,5.25,0,D_real_plus_5.25x,10.1016/j.ensm.2023.103148,240.0,365.44968
1,2,5.25,0,D_real_plus_5.25x,10.1002/batt.201800014,234.0,237.86804
1,2,5.25,0,D_real_plus_5.25x,10.1021/acsnano.2c03351,287.9,329.15668
1,2,5.25,1,D_real_plus_5.25x,10.1016/j.ensm.2023.103148,280.0,247.60841
1,2,5.25,1,D_real_plus_5.25x,10.1016/j.ensm.2023.103148,292.0,349.5048
1,2,5.25,1,D_real_plus_5.25x,10.1016/j.ensm.2023.103148,289.0,349.5048
1,2,5.25,1,D_real_plus_5.25x,10.1016/j.ensm.2023.103148,300.0,349.5048
1,2,5.25,1,D_real_plus_5.25x,10.1016/j.ensm.2023.103148,277.0,349.5048
1,2,5.25,1,D_real_plus_5.25x,10.1016/j.ensm.2023.103148,100.0,349.5048
1,2,5.25,1,D_real_plus_5.25x,10.1016/j.ensm.2023.103148,286.0,349.5048
1,2,5.25,1,D_real_plus_5.25x,10.1016/j.ensm.2023.103148,240.0,247.60841
1,2,5.25,1,D_real_plus_5.25x,10.1002/batt.201800014,234.0,385.4992
1,2,5.25,1,D_real_plus_5.25x,10.1021/acsnano.2c03351,287.9,302.38947
1,2,5.25,2,D_real_plus_5.25x,10.1016/j.ensm.2023.103148,280.0,295.30057
1,2,5.25,2,D_real_plus_5.25x,10.1016/j.ensm.2023.103148,292.0,377.413
1,2,5.25,2,D_real_plus_5.25x,10.1016/j.ensm.2023.103148,289.0,377.413
1,2,5.25,2,D_real_plus_5.25x,10.1016/j.ensm.2023.103148,300.0,377.413
1,2,5.25,2,D_real_plus_5.25x,10.1016/j.ensm.2023.103148,277.0,377.413
1,2,5.25,2,D_real_plus_5.25x,10.1016/j.ensm.2023.103148,100.0,377.413
1,2,5.25,2,D_real_plus_5.25x,10.1016/j.ensm.2023.103148,286.0,377.413
1,2,5.25,2,D_real_plus_5.25x,10.1016/j.ensm.2023.103148,240.0,295.30057
1,2,5.25,2,D_real_plus_5.25x,10.1002/batt.201800014,234.0,223.554
1,2,5.25,2,D_real_plus_5.25x,10.1021/acsnano.2c03351,287.9,361.0652
1,3,1.0,0,B_real_plus_1.0x,10.1016/j.ensm.2023.103148,280.0,388.1606
1,3,1.0,0,B_real_plus_1.0x,10.1016/j.ensm.2023.103148,292.0,385.22595
1,3,1.0,0,B_real_plus_1.0x,10.1016/j.ensm.2023.103148,289.0,385.22595
1,3,1.0,0,B_real_plus_1.0x,10.1016/j.ensm.2023.103148,300.0,385.22595
1,3,1.0,0,B_real_plus_1.0x,10.1016/j.ensm.2023.103148,277.0,385.22595
1,3,1.0,0,B_real_plus_1.0x,10.1016/j.ensm.2023.103148,100.0,385.22595
1,3,1.0,0,B_real_plus_1.0x,10.1016/j.ensm.2023.103148,286.0,385.22595
1,3,1.0,0,B_real_plus_1.0x,10.1016/j.ensm.2023.103148,240.0,388.1606
1,3,1.0,0,B_real_plus_1.0x,10.1002/batt.201800014,234.0,262.8641
1,3,1.0,0,B_real_plus_1.0x,10.1021/acsnano.2c03351,287.9,357.3212
1,3,3.0,0,C_real_plus_3.0x,10.1016/j.ensm.2023.103148,280.0,356.12842
1,3,3.0,0,C_real_plus_3.0x,10.1016/j.ensm.2023.103148,292.0,396.39383
1,3,3.0,0,C_real_plus_3.0x,10.1016/j.ensm.2023.103148,289.0,396.39383
1,3,3.0,0,C_real_plus_3.0x,10.1016/j.ensm.2023.103148,300.0,396.39383
1,3,3.0,0,C_real_plus_3.0x,10.1016/j.ensm.2023.103148,277.0,396.39383
1,3,3.0,0,C_real_plus_3.0x,10.1016/j.ensm.2023.103148,100.0,396.39383
1,3,3.0,0,C_real_plus_3.0x,10.1016/j.ensm.2023.103148,286.0,396.39383
1,3,3.0,0,C_real_plus_3.0x,10.1016/j.ensm.2023.103148,240.0,356.12842
1,3,3.0,0,C_real_plus_3.0x,10.1002/batt.201800014,234.0,345.17355
1,3,3.0,0,C_real_plus_3.0x,10.1021/acsnano.2c03351,287.9,337.12997
1,3,5.25,0,D_real_plus_5.25x,10.1016/j.ensm.2023.103148,280.0,355.71262
1,3,5.25,0,D_real_plus_5.25x,10.1016/j.ensm.2023.103148,292.0,373.58322
1,3,5.25,0,D_real_plus_5.25x,10.1016/j.ensm.2023.103148,289.0,373.58322
1,3,5.25,0,D_real_plus_5.25x,10.1016/j.ensm.2023.103148,300.0,373.58322
1,3,5.25,0,D_real_plus_5.25x,10.1016/j.ensm.2023.103148,277.0,373.58322
1,3,5.25,0,D_real_plus_5.25x,10.1016/j.ensm.2023.103148,100.0,373.58322
1,3,5.25,0,D_real_plus_5.25x,10.1016/j.ensm.2023.103148,286.0,373.58322
1,3,5.25,0,D_real_plus_5.25x,10.1016/j.ensm.2023.103148,240.0,355.71262
1,3,5.25,0,D_real_plus_5.25x,10.1002/batt.201800014,234.0,243.1878
1,3,5.25,0,D_real_plus_5.25x,10.1021/acsnano.2c03351,287.9,331.16415
2,1,1.0,0,B_real_plus_1.0x,10.1002/adma.201701264,330.2,407.42038
2,1,1.0,0,B_real_plus_1.0x,10.1002/adma.201504705,245.0,264.5224
2,1,1.0,0,B_real_plus_1.0x,10.1002/adma.201504705,416.0,345.27826
2,1,1.0,0,B_real_plus_1.0x,10.1039/d6ta00010j,192.0,384.1526
2,1,1.0,0,B_real_plus_1.0x,10.1039/d6ta00010j,226.0,384.1526
2,1,1.0,0,B_real_plus_1.0x,10.1039/d6ta00010j,214.0,396.07602
2,1,1.0,0,B_real_plus_1.0x,10.1039/d6ta00010j,230.0,397.76895
2,1,1.0,0,B_real_plus_1.0x,10.1039/d6ta00010j,239.0,397.76895
2,1,1.0,0,B_real_plus_1.0x,10.1039/d6ta00010j,200.0,397.76895
2,1,1.0,0,B_real_plus_1.0x,10.1039/d6ta00010j,197.0,397.34683
2,1,3.0,0,C_real_plus_3.0x,10.1002/adma.201701264,330.2,284.2087
2,1,3.0,0,C_real_plus_3.0x,10.1002/adma.201504705,245.0,253.24603
2,1,3.0,0,C_real_plus_3.0x,10.1002/adma.201504705,416.0,256.89877
2,1,3.0,0,C_real_plus_3.0x,10.1039/d6ta00010j,192.0,286.33093
2,1,3.0,0,C_real_plus_3.0x,10.1039/d6ta00010j,226.0,286.33093
2,1,3.0,0,C_real_plus_3.0x,10.1039/d6ta00010j,214.0,314.12918
2,1,3.0,0,C_real_plus_3.0x,10.1039/d6ta00010j,230.0,313.52466
2,1,3.0,0,C_real_plus_3.0x,10.1039/d6ta00010j,239.0,313.52466
2,1,3.0,0,C_real_plus_3.0x,10.1039/d6ta00010j,200.0,313.52466
2,1,3.0,0,C_real_plus_3.0x,10.1039/d6ta00010j,197.0,315.83774
2,1,5.25,0,D_real_plus_5.25x,10.1002/adma.201701264,330.2,308.17725
2,1,5.25,0,D_real_plus_5.25x,10.1002/adma.201504705,245.0,281.91803
2,1,5.25,0,D_real_plus_5.25x,10.1002/adma.201504705,416.0,298.07376
2,1,5.25,0,D_real_plus_5.25x,10.1039/d6ta00010j,192.0,298.28748
2,1,5.25,0,D_real_plus_5.25x,10.1039/d6ta00010j,226.0,298.28748
2,1,5.25,0,D_real_plus_5.25x,10.1039/d6ta00010j,214.0,249.77846
2,1,5.25,0,D_real_plus_5.25x,10.1039/d6ta00010j,230.0,299.20523
2,1,5.25,0,D_real_plus_5.25x,10.1039/d6ta00010j,239.0,299.20523
2,1,5.25,0,D_real_plus_5.25x,10.1039/d6ta00010j,200.0,299.20523
2,1,5.25,0,D_real_plus_5.25x,10.1039/d6ta00010j,197.0,299.12973
2,2,0.0,0,A_real_only,10.1002/adma.201701264,330.2,409.30664
2,2,0.0,0,A_real_only,10.1002/adma.201504705,245.0,241.87552
2,2,0.0,0,A_real_only,10.1002/adma.201504705,416.0,346.00394
2,2,0.0,0,A_real_only,10.1039/d6ta00010j,192.0,380.9049
2,2,0.0,0,A_real_only,10.1039/d6ta00010j,226.0,380.9049
2,2,0.0,0,A_real_only,10.1039/d6ta00010j,214.0,440.22308
2,2,0.0,0,A_real_only,10.1039/d6ta00010j,230.0,440.0943
2,2,0.0,0,A_real_only,10.1039/d6ta00010j,239.0,440.0943
2,2,0.0,0,A_real_only,10.1039/d6ta00010j,200.0,440.0943
2,2,0.0,0,A_real_only,10.1039/d6ta00010j,197.0,440.22308
2,2,1.0,0,B_real_plus_1.0x,10.1002/adma.201701264,330.2,470.19946
2,2,1.0,0,B_real_plus_1.0x,10.1002/adma.201504705,245.0,247.89774
2,2,1.0,0,B_real_plus_1.0x,10.1002/adma.201504705,416.0,385.50262
2,2,1.0,0,B_real_plus_1.0x,10.1039/d6ta00010j,192.0,369.75934
2,2,1.0,0,B_real_plus_1.0x,10.1039/d6ta00010j,226.0,369.75934
2,2,1.0,0,B_real_plus_1.0x,10.1039/d6ta00010j,214.0,392.46298
2,2,1.0,0,B_real_plus_1.0x,10.1039/d6ta00010j,230.0,393.69275
2,2,1.0,0,B_real_plus_1.0x,10.1039/d6ta00010j,239.0,393.69275
2,2,1.0,0,B_real_plus_1.0x,10.1039/d6ta00010j,200.0,393.69275
2,2,1.0,0,B_real_plus_1.0x,10.1039/d6ta00010j,197.0,392.84088
2,2,1.0,1,B_real_plus_1.0x,10.1002/adma.201701264,330.2,369.93948
2,2,1.0,1,B_real_plus_1.0x,10.1002/adma.201504705,245.0,251.15553
2,2,1.0,1,B_real_plus_1.0x,10.1002/adma.201504705,416.0,345.62003
2,2,1.0,1,B_real_plus_1.0x,10.1039/d6ta00010j,192.0,364.22244
2,2,1.0,1,B_real_plus_1.0x,10.1039/d6ta00010j,226.0,364.22244
2,2,1.0,1,B_real_plus_1.0x,10.1039/d6ta00010j,214.0,366.01193
2,2,1.0,1,B_real_plus_1.0x,10.1039/d6ta00010j,230.0,368.26343
2,2,1.0,1,B_real_plus_1.0x,10.1039/d6ta00010j,239.0,368.26343
2,2,1.0,1,B_real_plus_1.0x,10.1039/d6ta00010j,200.0,368.26343
2,2,1.0,1,B_real_plus_1.0x,10.1039/d6ta00010j,197.0,366.19974
2,2,1.0,2,B_real_plus_1.0x,10.1002/adma.201701264,330.2,430.95987
2,2,1.0,2,B_real_plus_1.0x,10.1002/adma.201504705,245.0,221.4952
2,2,1.0,2,B_real_plus_1.0x,10.1002/adma.201504705,416.0,374.86865
2,2,1.0,2,B_real_plus_1.0x,10.1039/d6ta00010j,192.0,378.37918
2,2,1.0,2,B_real_plus_1.0x,10.1039/d6ta00010j,226.0,378.37918
2,2,1.0,2,B_real_plus_1.0x,10.1039/d6ta00010j,214.0,436.97574
2,2,1.0,2,B_real_plus_1.0x,10.1039/d6ta00010j,230.0,435.2073
2,2,1.0,2,B_real_plus_1.0x,10.1039/d6ta00010j,239.0,435.2073
2,2,1.0,2,B_real_plus_1.0x,10.1039/d6ta00010j,200.0,435.2073
2,2,1.0,2,B_real_plus_1.0x,10.1039/d6ta00010j,197.0,436.26498
2,2,3.0,0,C_real_plus_3.0x,10.1002/adma.201701264,330.2,374.7834
2,2,3.0,0,C_real_plus_3.0x,10.1002/adma.201504705,245.0,240.1003
2,2,3.0,0,C_real_plus_3.0x,10.1002/adma.201504705,416.0,289.80585
2,2,3.0,0,C_real_plus_3.0x,10.1039/d6ta00010j,192.0,351.94736
2,2,3.0,0,C_real_plus_3.0x,10.1039/d6ta00010j,226.0,351.94736
2,2,3.0,0,C_real_plus_3.0x,10.1039/d6ta00010j,214.0,522.6594
2,2,3.0,0,C_real_plus_3.0x,10.1039/d6ta00010j,230.0,522.3154
2,2,3.0,0,C_real_plus_3.0x,10.1039/d6ta00010j,239.0,522.3154
2,2,3.0,0,C_real_plus_3.0x,10.1039/d6ta00010j,200.0,522.3154
2,2,3.0,0,C_real_plus_3.0x,10.1039/d6ta00010j,197.0,522.3154
2,2,3.0,1,C_real_plus_3.0x,10.1002/adma.201701264,330.2,355.09973
2,2,3.0,1,C_real_plus_3.0x,10.1002/adma.201504705,245.0,235.23697
2,2,3.0,1,C_real_plus_3.0x,10.1002/adma.201504705,416.0,377.16287
2,2,3.0,1,C_real_plus_3.0x,10.1039/d6ta00010j,192.0,370.52975
2,2,3.0,1,C_real_plus_3.0x,10.1039/d6ta00010j,226.0,370.52975
2,2,3.0,1,C_real_plus_3.0x,10.1039/d6ta00010j,214.0,519.9792
2,2,3.0,1,C_real_plus_3.0x,10.1039/d6ta00010j,230.0,522.33203
2,2,3.0,1,C_real_plus_3.0x,10.1039/d6ta00010j,239.0,522.33203
2,2,3.0,1,C_real_plus_3.0x,10.1039/d6ta00010j,200.0,522.33203
2,2,3.0,1,C_real_plus_3.0x,10.1039/d6ta00010j,197.0,519.8513
2,2,3.0,2,C_real_plus_3.0x,10.1002/adma.201701264,330.2,357.21146
2,2,3.0,2,C_real_plus_3.0x,10.1002/adma.201504705,245.0,242.8291
2,2,3.0,2,C_real_plus_3.0x,10.1002/adma.201504705,416.0,304.35248
2,2,3.0,2,C_real_plus_3.0x,10.1039/d6ta00010j,192.0,359.42313
2,2,3.0,2,C_real_plus_3.0x,10.1039/d6ta00010j,226.0,359.42313
2,2,3.0,2,C_real_plus_3.0x,10.1039/d6ta00010j,214.0,369.3294
2,2,3.0,2,C_real_plus_3.0x,10.1039/d6ta00010j,230.0,369.71967
2,2,3.0,2,C_real_plus_3.0x,10.1039/d6ta00010j,239.0,369.71967
2,2,3.0,2,C_real_plus_3.0x,10.1039/d6ta00010j,200.0,369.71967
2,2,3.0,2,C_real_plus_3.0x,10.1039/d6ta00010j,197.0,369.3294
2,2,5.25,0,D_real_plus_5.25x,10.1002/adma.201701264,330.2,374.7123
2,2,5.25,0,D_real_plus_5.25x,10.1002/adma.201504705,245.0,231.20587
2,2,5.25,0,D_real_plus_5.25x,10.1002/adma.201504705,416.0,298.3087
2,2,5.25,0,D_real_plus_5.25x,10.1039/d6ta00010j,192.0,360.13696
2,2,5.25,0,D_real_plus_5.25x,10.1039/d6ta00010j,226.0,360.13696
2,2,5.25,0,D_real_plus_5.25x,10.1039/d6ta00010j,214.0,370.34448
2,2,5.25,0,D_real_plus_5.25x,10.1039/d6ta00010j,230.0,373.17096
2,2,5.25,0,D_real_plus_5.25x,10.1039/d6ta00010j,239.0,373.17096
2,2,5.25,0,D_real_plus_5.25x,10.1039/d6ta00010j,200.0,373.17096
2,2,5.25,0,D_real_plus_5.25x,10.1039/d6ta00010j,197.0,373.17096
2,2,5.25,1,D_real_plus_5.25x,10.1002/adma.201701264,330.2,341.9162
2,2,5.25,1,D_real_plus_5.25x,10.1002/adma.201504705,245.0,223.6671
2,2,5.25,1,D_real_plus_5.25x,10.1002/adma.201504705,416.0,268.88022
2,2,5.25,1,D_real_plus_5.25x,10.1039/d6ta00010j,192.0,299.89752
2,2,5.25,1,D_real_plus_5.25x,10.1039/d6ta00010j,226.0,299.89752
2,2,5.25,1,D_real_plus_5.25x,10.1039/d6ta00010j,214.0,382.14105
2,2,5.25,1,D_real_plus_5.25x,10.1039/d6ta00010j,230.0,382.14105
2,2,5.25,1,D_real_plus_5.25x,10.1039/d6ta00010j,239.0,382.6076
2,2,5.25,1,D_real_plus_5.25x,10.1039/d6ta00010j,200.0,382.14105
2,2,5.25,1,D_real_plus_5.25x,10.1039/d6ta00010j,197.0,382.14105
2,2,5.25,2,D_real_plus_5.25x,10.1002/adma.201701264,330.2,360.8699
2,2,5.25,2,D_real_plus_5.25x,10.1002/adma.201504705,245.0,234.42332
2,2,5.25,2,D_real_plus_5.25x,10.1002/adma.201504705,416.0,274.2211
2,2,5.25,2,D_real_plus_5.25x,10.1039/d6ta00010j,192.0,338.98767
2,2,5.25,2,D_real_plus_5.25x,10.1039/d6ta00010j,226.0,338.98767
2,2,5.25,2,D_real_plus_5.25x,10.1039/d6ta00010j,214.0,360.09967
2,2,5.25,2,D_real_plus_5.25x,10.1039/d6ta00010j,230.0,362.8991
2,2,5.25,2,D_real_plus_5.25x,10.1039/d6ta00010j,239.0,362.8991
2,2,5.25,2,D_real_plus_5.25x,10.1039/d6ta00010j,200.0,362.8991
2,2,5.25,2,D_real_plus_5.25x,10.1039/d6ta00010j,197.0,362.36713
2,3,1.0,0,B_real_plus_1.0x,10.1002/adma.201701264,330.2,424.68512
2,3,1.0,0,B_real_plus_1.0x,10.1002/adma.201504705,245.0,262.63077
2,3,1.0,0,B_real_plus_1.0x,10.1002/adma.201504705,416.0,359.28494
2,3,1.0,0,B_real_plus_1.0x,10.1039/d6ta00010j,192.0,356.70682
2,3,1.0,0,B_real_plus_1.0x,10.1039/d6ta00010j,226.0,356.70682
2,3,1.0,0,B_real_plus_1.0x,10.1039/d6ta00010j,214.0,383.64804
2,3,1.0,0,B_real_plus_1.0x,10.1039/d6ta00010j,230.0,394.58078
2,3,1.0,0,B_real_plus_1.0x,10.1039/d6ta00010j,239.0,394.58078
2,3,1.0,0,B_real_plus_1.0x,10.1039/d6ta00010j,200.0,394.58078
2,3,1.0,0,B_real_plus_1.0x,10.1039/d6ta00010j,197.0,394.58078
2,3,3.0,0,C_real_plus_3.0x,10.1002/adma.201701264,330.2,420.82532
2,3,3.0,0,C_real_plus_3.0x,10.1002/adma.201504705,245.0,236.6049
2,3,3.0,0,C_real_plus_3.0x,10.1002/adma.201504705,416.0,277.66577
2,3,3.0,0,C_real_plus_3.0x,10.1039/d6ta00010j,192.0,303.4194
2,3,3.0,0,C_real_plus_3.0x,10.1039/d6ta00010j,226.0,303.4194
2,3,3.0,0,C_real_plus_3.0x,10.1039/d6ta00010j,214.0,315.9794
2,3,3.0,0,C_real_plus_3.0x,10.1039/d6ta00010j,230.0,315.9794
2,3,3.0,0,C_real_plus_3.0x,10.1039/d6ta00010j,239.0,315.40115
2,3,3.0,0,C_real_plus_3.0x,10.1039/d6ta00010j,200.0,315.9794
2,3,3.0,0,C_real_plus_3.0x,10.1039/d6ta00010j,197.0,315.9794
2,3,5.25,0,D_real_plus_5.25x,10.1002/adma.201701264,330.2,432.20245
2,3,5.25,0,D_real_plus_5.25x,10.1002/adma.201504705,245.0,222.81776
2,3,5.25,0,D_real_plus_5.25x,10.1002/adma.201504705,416.0,304.94052
2,3,5.25,0,D_real_plus_5.25x,10.1039/d6ta00010j,192.0,289.14105
2,3,5.25,0,D_real_plus_5.25x,10.1039/d6ta00010j,226.0,289.14105
2,3,5.25,0,D_real_plus_5.25x,10.1039/d6ta00010j,214.0,291.4648
2,3,5.25,0,D_real_plus_5.25x,10.1039/d6ta00010j,230.0,290.41705
2,3,5.25,0,D_real_plus_5.25x,10.1039/d6ta00010j,239.0,290.41705
2,3,5.25,0,D_real_plus_5.25x,10.1039/d6ta00010j,200.0,290.41705
2,3,5.25,0,D_real_plus_5.25x,10.1039/d6ta00010j,197.0,290.9902
3,1,1.0,0,B_real_plus_1.0x,10.1016/j.electacta.2022.139871,425.7,154.75568
3,1,1.0,0,B_real_plus_1.0x,10.1016/j.jallcom.2023.173355,489.3,240.54517
3,1,1.0,0,B_real_plus_1.0x,10.1016/j.jallcom.2023.173355,1609.5,237.86186
3,1,1.0,0,B_real_plus_1.0x,10.20517/energymater.2024.45,258.8,207.90979
3,1,1.0,0,B_real_plus_1.0x,10.20517/energymater.2024.45,325.7,302.34586
3,1,1.0,0,B_real_plus_1.0x,10.20517/energymater.2024.45,381.5,297.83353
3,1,1.0,0,B_real_plus_1.0x,10.20517/energymater.2024.45,396.4,284.0329
3,1,1.0,0,B_real_plus_1.0x,10.20517/energymater.2024.45,360.3,261.3747
3,1,1.0,0,B_real_plus_1.0x,10.25259/ajc_264_2024,315.5,307.7726
3,1,3.0,0,C_real_plus_3.0x,10.1016/j.electacta.2022.139871,425.7,137.95433
3,1,3.0,0,C_real_plus_3.0x,10.1016/j.jallcom.2023.173355,489.3,225.03792
3,1,3.0,0,C_real_plus_3.0x,10.1016/j.jallcom.2023.173355,1609.5,323.67804
3,1,3.0,0,C_real_plus_3.0x,10.20517/energymater.2024.45,258.8,213.86205
3,1,3.0,0,C_real_plus_3.0x,10.20517/energymater.2024.45,325.7,322.48758
3,1,3.0,0,C_real_plus_3.0x,10.20517/energymater.2024.45,381.5,320.48914
3,1,3.0,0,C_real_plus_3.0x,10.20517/energymater.2024.45,396.4,315.18256
3,1,3.0,0,C_real_plus_3.0x,10.20517/energymater.2024.45,360.3,293.1221
3,1,3.0,0,C_real_plus_3.0x,10.25259/ajc_264_2024,315.5,211.61482
3,1,5.25,0,D_real_plus_5.25x,10.1016/j.electacta.2022.139871,425.7,157.36241
3,1,5.25,0,D_real_plus_5.25x,10.1016/j.jallcom.2023.173355,489.3,246.27052
3,1,5.25,0,D_real_plus_5.25x,10.1016/j.jallcom.2023.173355,1609.5,244.48952
3,1,5.25,0,D_real_plus_5.25x,10.20517/energymater.2024.45,258.8,204.86076
3,1,5.25,0,D_real_plus_5.25x,10.20517/energymater.2024.45,325.7,340.78375
3,1,5.25,0,D_real_plus_5.25x,10.20517/energymater.2024.45,381.5,332.91663
3,1,5.25,0,D_real_plus_5.25x,10.20517/energymater.2024.45,396.4,235.3985
3,1,5.25,0,D_real_plus_5.25x,10.20517/energymater.2024.45,360.3,258.79572
3,1,5.25,0,D_real_plus_5.25x,10.25259/ajc_264_2024,315.5,234.18718
3,2,0.0,0,A_real_only,10.1016/j.electacta.2022.139871,425.7,173.16315
3,2,0.0,0,A_real_only,10.1016/j.jallcom.2023.173355,489.3,319.61877
3,2,0.0,0,A_real_only,10.1016/j.jallcom.2023.173355,1609.5,311.9071
3,2,0.0,0,A_real_only,10.20517/energymater.2024.45,258.8,252.746
3,2,0.0,0,A_real_only,10.20517/energymater.2024.45,325.7,303.86722
3,2,0.0,0,A_real_only,10.20517/energymater.2024.45,381.5,294.72183
3,2,0.0,0,A_real_only,10.20517/energymater.2024.45,396.4,234.39609
3,2,0.0,0,A_real_only,10.20517/energymater.2024.45,360.3,264.2152
3,2,0.0,0,A_real_only,10.25259/ajc_264_2024,315.5,331.6307
3,2,1.0,0,B_real_plus_1.0x,10.1016/j.electacta.2022.139871,425.7,150.6101
3,2,1.0,0,B_real_plus_1.0x,10.1016/j.jallcom.2023.173355,489.3,344.1605
3,2,1.0,0,B_real_plus_1.0x,10.1016/j.jallcom.2023.173355,1609.5,325.09244
3,2,1.0,0,B_real_plus_1.0x,10.20517/energymater.2024.45,258.8,300.07468
3,2,1.0,0,B_real_plus_1.0x,10.20517/energymater.2024.45,325.7,330.6822
3,2,1.0,0,B_real_plus_1.0x,10.20517/energymater.2024.45,381.5,311.41583
3,2,1.0,0,B_real_plus_1.0x,10.20517/energymater.2024.45,396.4,254.1043
3,2,1.0,0,B_real_plus_1.0x,10.20517/energymater.2024.45,360.3,286.90863
3,2,1.0,0,B_real_plus_1.0x,10.25259/ajc_264_2024,315.5,364.20834
3,2,1.0,1,B_real_plus_1.0x,10.1016/j.electacta.2022.139871,425.7,63.98356
3,2,1.0,1,B_real_plus_1.0x,10.1016/j.jallcom.2023.173355,489.3,291.99265
3,2,1.0,1,B_real_plus_1.0x,10.1016/j.jallcom.2023.173355,1609.5,292.72153
3,2,1.0,1,B_real_plus_1.0x,10.20517/energymater.2024.45,258.8,280.08438
3,2,1.0,1,B_real_plus_1.0x,10.20517/energymater.2024.45,325.7,323.7549
3,2,1.0,1,B_real_plus_1.0x,10.20517/energymater.2024.45,381.5,314.9268
3,2,1.0,1,B_real_plus_1.0x,10.20517/energymater.2024.45,396.4,244.40053
3,2,1.0,1,B_real_plus_1.0x,10.20517/energymater.2024.45,360.3,308.23276
3,2,1.0,1,B_real_plus_1.0x,10.25259/ajc_264_2024,315.5,318.25714
3,2,1.0,2,B_real_plus_1.0x,10.1016/j.electacta.2022.139871,425.7,161.97731
3,2,1.0,2,B_real_plus_1.0x,10.1016/j.jallcom.2023.173355,489.3,307.7898
3,2,1.0,2,B_real_plus_1.0x,10.1016/j.jallcom.2023.173355,1609.5,307.56836
3,2,1.0,2,B_real_plus_1.0x,10.20517/energymater.2024.45,258.8,292.1202
3,2,1.0,2,B_real_plus_1.0x,10.20517/energymater.2024.45,325.7,405.78076
3,2,1.0,2,B_real_plus_1.0x,10.20517/energymater.2024.45,381.5,405.55933
3,2,1.0,2,B_real_plus_1.0x,10.20517/energymater.2024.45,396.4,251.12755
3,2,1.0,2,B_real_plus_1.0x,10.20517/energymater.2024.45,360.3,298.34393
3,2,1.0,2,B_real_plus_1.0x,10.25259/ajc_264_2024,315.5,405.88586
3,2,3.0,0,C_real_plus_3.0x,10.1016/j.electacta.2022.139871,425.7,52.210552
3,2,3.0,0,C_real_plus_3.0x,10.1016/j.jallcom.2023.173355,489.3,321.12762
3,2,3.0,0,C_real_plus_3.0x,10.1016/j.jallcom.2023.173355,1609.5,263.17316
3,2,3.0,0,C_real_plus_3.0x,10.20517/energymater.2024.45,258.8,314.0432
3,2,3.0,0,C_real_plus_3.0x,10.20517/energymater.2024.45,325.7,392.23764
3,2,3.0,0,C_real_plus_3.0x,10.20517/energymater.2024.45,381.5,347.2424
3,2,3.0,0,C_real_plus_3.0x,10.20517/energymater.2024.45,396.4,302.7931
3,2,3.0,0,C_real_plus_3.0x,10.20517/energymater.2024.45,360.3,277.9347
3,2,3.0,0,C_real_plus_3.0x,10.25259/ajc_264_2024,315.5,387.68875
3,2,3.0,1,C_real_plus_3.0x,10.1016/j.electacta.2022.139871,425.7,103.91287
3,2,3.0,1,C_real_plus_3.0x,10.1016/j.jallcom.2023.173355,489.3,339.0621
3,2,3.0,1,C_real_plus_3.0x,10.1016/j.jallcom.2023.173355,1609.5,327.3849
3,2,3.0,1,C_real_plus_3.0x,10.20517/energymater.2024.45,258.8,308.04523
3,2,3.0,1,C_real_plus_3.0x,10.20517/energymater.2024.45,325.7,350.50156
3,2,3.0,1,C_real_plus_3.0x,10.20517/energymater.2024.45,381.5,365.1762
3,2,3.0,1,C_real_plus_3.0x,10.20517/energymater.2024.45,396.4,270.02734
3,2,3.0,1,C_real_plus_3.0x,10.20517/energymater.2024.45,360.3,337.53754
3,2,3.0,1,C_real_plus_3.0x,10.25259/ajc_264_2024,315.5,373.1885
3,2,3.0,2,C_real_plus_3.0x,10.1016/j.electacta.2022.139871,425.7,147.50104
3,2,3.0,2,C_real_plus_3.0x,10.1016/j.jallcom.2023.173355,489.3,333.8186
3,2,3.0,2,C_real_plus_3.0x,10.1016/j.jallcom.2023.173355,1609.5,269.66708
3,2,3.0,2,C_real_plus_3.0x,10.20517/energymater.2024.45,258.8,314.1067
3,2,3.0,2,C_real_plus_3.0x,10.20517/energymater.2024.45,325.7,359.93292
3,2,3.0,2,C_real_plus_3.0x,10.20517/energymater.2024.45,381.5,301.42935
3,2,3.0,2,C_real_plus_3.0x,10.20517/energymater.2024.45,396.4,221.67877
3,2,3.0,2,C_real_plus_3.0x,10.20517/energymater.2024.45,360.3,252.1022
3,2,3.0,2,C_real_plus_3.0x,10.25259/ajc_264_2024,315.5,377.60284
3,2,5.25,0,D_real_plus_5.25x,10.1016/j.electacta.2022.139871,425.7,51.334595
3,2,5.25,0,D_real_plus_5.25x,10.1016/j.jallcom.2023.173355,489.3,317.3434
3,2,5.25,0,D_real_plus_5.25x,10.1016/j.jallcom.2023.173355,1609.5,279.2519
3,2,5.25,0,D_real_plus_5.25x,10.20517/energymater.2024.45,258.8,269.9804
3,2,5.25,0,D_real_plus_5.25x,10.20517/energymater.2024.45,325.7,359.22437
3,2,5.25,0,D_real_plus_5.25x,10.20517/energymater.2024.45,381.5,323.63968
3,2,5.25,0,D_real_plus_5.25x,10.20517/energymater.2024.45,396.4,328.97668
3,2,5.25,0,D_real_plus_5.25x,10.20517/energymater.2024.45,360.3,307.21054
3,2,5.25,0,D_real_plus_5.25x,10.25259/ajc_264_2024,315.5,327.6852
3,2,5.25,1,D_real_plus_5.25x,10.1016/j.electacta.2022.139871,425.7,184.21568
3,2,5.25,1,D_real_plus_5.25x,10.1016/j.jallcom.2023.173355,489.3,326.92615
3,2,5.25,1,D_real_plus_5.25x,10.1016/j.jallcom.2023.173355,1609.5,301.66608
3,2,5.25,1,D_real_plus_5.25x,10.20517/energymater.2024.45,258.8,244.39482
3,2,5.25,1,D_real_plus_5.25x,10.20517/energymater.2024.45,325.7,272.97726
3,2,5.25,1,D_real_plus_5.25x,10.20517/energymater.2024.45,381.5,245.18286
3,2,5.25,1,D_real_plus_5.25x,10.20517/energymater.2024.45,396.4,242.40953
3,2,5.25,1,D_real_plus_5.25x,10.20517/energymater.2024.45,360.3,278.32022
3,2,5.25,1,D_real_plus_5.25x,10.25259/ajc_264_2024,315.5,339.06503
3,2,5.25,2,D_real_plus_5.25x,10.1016/j.electacta.2022.139871,425.7,168.797
3,2,5.25,2,D_real_plus_5.25x,10.1016/j.jallcom.2023.173355,489.3,302.2669
3,2,5.25,2,D_real_plus_5.25x,10.1016/j.jallcom.2023.173355,1609.5,274.87668
3,2,5.25,2,D_real_plus_5.25x,10.20517/energymater.2024.45,258.8,261.97357
3,2,5.25,2,D_real_plus_5.25x,10.20517/energymater.2024.45,325.7,356.2543
3,2,5.25,2,D_real_plus_5.25x,10.20517/energymater.2024.45,381.5,323.56824
3,2,5.25,2,D_real_plus_5.25x,10.20517/energymater.2024.45,396.4,249.8322
3,2,5.25,2,D_real_plus_5.25x,10.20517/energymater.2024.45,360.3,300.59818
3,2,5.25,2,D_real_plus_5.25x,10.25259/ajc_264_2024,315.5,297.68732
3,3,1.0,0,B_real_plus_1.0x,10.1016/j.electacta.2022.139871,425.7,67.29856
3,3,1.0,0,B_real_plus_1.0x,10.1016/j.jallcom.2023.173355,489.3,352.86545
3,3,1.0,0,B_real_plus_1.0x,10.1016/j.jallcom.2023.173355,1609.5,395.55832
3,3,1.0,0,B_real_plus_1.0x,10.20517/energymater.2024.45,258.8,288.1997
3,3,1.0,0,B_real_plus_1.0x,10.20517/energymater.2024.45,325.7,375.86426
3,3,1.0,0,B_real_plus_1.0x,10.20517/energymater.2024.45,381.5,370.85858
3,3,1.0,0,B_real_plus_1.0x,10.20517/energymater.2024.45,396.4,265.53824
3,3,1.0,0,B_real_plus_1.0x,10.20517/energymater.2024.45,360.3,290.3567
3,3,1.0,0,B_real_plus_1.0x,10.25259/ajc_264_2024,315.5,383.4754
3,3,3.0,0,C_real_plus_3.0x,10.1016/j.electacta.2022.139871,425.7,40.851616
3,3,3.0,0,C_real_plus_3.0x,10.1016/j.jallcom.2023.173355,489.3,316.17975
3,3,3.0,0,C_real_plus_3.0x,10.1016/j.jallcom.2023.173355,1609.5,387.56726
3,3,3.0,0,C_real_plus_3.0x,10.20517/energymater.2024.45,258.8,264.05826
3,3,3.0,0,C_real_plus_3.0x,10.20517/energymater.2024.45,325.7,342.10645
3,3,3.0,0,C_real_plus_3.0x,10.20517/energymater.2024.45,381.5,277.2118
3,3,3.0,0,C_real_plus_3.0x,10.20517/energymater.2024.45,396.4,259.3595
3,3,3.0,0,C_real_plus_3.0x,10.20517/energymater.2024.45,360.3,306.17563
3,3,3.0,0,C_real_plus_3.0x,10.25259/ajc_264_2024,315.5,365.0603
3,3,5.25,0,D_real_plus_5.25x,10.1016/j.electacta.2022.139871,425.7,95.65506
3,3,5.25,0,D_real_plus_5.25x,10.1016/j.jallcom.2023.173355,489.3,346.92215
3,3,5.25,0,D_real_plus_5.25x,10.1016/j.jallcom.2023.173355,1609.5,443.63712
3,3,5.25,0,D_real_plus_5.25x,10.20517/energymater.2024.45,258.8,249.37904
3,3,5.25,0,D_real_plus_5.25x,10.20517/energymater.2024.45,325.7,309.53793
3,3,5.25,0,D_real_plus_5.25x,10.20517/energymater.2024.45,381.5,300.43158
3,3,5.25,0,D_real_plus_5.25x,10.20517/energymater.2024.45,396.4,280.85574
3,3,5.25,0,D_real_plus_5.25x,10.20517/energymater.2024.45,360.3,279.78983
3,3,5.25,0,D_real_plus_5.25x,10.25259/ajc_264_2024,315.5,330.61047
4,1,1.0,0,B_real_plus_1.0x,10.1016/j.apmt.2019.06.013,278.0,431.5072
4,1,1.0,0,B_real_plus_1.0x,10.1016/j.apmt.2019.06.013,378.0,321.76343
4,1,1.0,0,B_real_plus_1.0x,10.1016/j.apmt.2019.06.013,414.0,321.76343
4,1,1.0,0,B_real_plus_1.0x,10.1002/eem2.12876,294.0,279.96912
4,1,1.0,0,B_real_plus_1.0x,10.1002/eem2.12876,74.0,352.12808
4,1,1.0,0,B_real_plus_1.0x,10.1002/eem2.12876,105.0,352.12808
4,1,1.0,0,B_real_plus_1.0x,10.1002/eem2.12876,208.0,232.40343
4,1,1.0,0,B_real_plus_1.0x,10.1002/smll.202202203,376.0,225.89241
4,1,1.0,0,B_real_plus_1.0x,10.1021/acsnano.3c11551,252.5,313.59924
4,1,3.0,0,C_real_plus_3.0x,10.1016/j.apmt.2019.06.013,278.0,350.96997
4,1,3.0,0,C_real_plus_3.0x,10.1016/j.apmt.2019.06.013,378.0,347.74048
4,1,3.0,0,C_real_plus_3.0x,10.1016/j.apmt.2019.06.013,414.0,347.74048
4,1,3.0,0,C_real_plus_3.0x,10.1002/eem2.12876,294.0,242.94241
4,1,3.0,0,C_real_plus_3.0x,10.1002/eem2.12876,74.0,244.57697
4,1,3.0,0,C_real_plus_3.0x,10.1002/eem2.12876,105.0,247.88564
4,1,3.0,0,C_real_plus_3.0x,10.1002/eem2.12876,208.0,247.64029
4,1,3.0,0,C_real_plus_3.0x,10.1002/smll.202202203,376.0,249.38213
4,1,3.0,0,C_real_plus_3.0x,10.1021/acsnano.3c11551,252.5,479.14423
4,1,5.25,0,D_real_plus_5.25x,10.1016/j.apmt.2019.06.013,278.0,320.7043
4,1,5.25,0,D_real_plus_5.25x,10.1016/j.apmt.2019.06.013,378.0,315.0173
4,1,5.25,0,D_real_plus_5.25x,10.1016/j.apmt.2019.06.013,414.0,315.0173
4,1,5.25,0,D_real_plus_5.25x,10.1002/eem2.12876,294.0,267.014
4,1,5.25,0,D_real_plus_5.25x,10.1002/eem2.12876,74.0,256.59982
4,1,5.25,0,D_real_plus_5.25x,10.1002/eem2.12876,105.0,240.88065
4,1,5.25,0,D_real_plus_5.25x,10.1002/eem2.12876,208.0,228.97346
4,1,5.25,0,D_real_plus_5.25x,10.1002/smll.202202203,376.0,233.71986
4,1,5.25,0,D_real_plus_5.25x,10.1021/acsnano.3c11551,252.5,448.0877
4,2,0.0,0,A_real_only,10.1016/j.apmt.2019.06.013,278.0,386.88666
4,2,0.0,0,A_real_only,10.1016/j.apmt.2019.06.013,378.0,359.45972
4,2,0.0,0,A_real_only,10.1016/j.apmt.2019.06.013,414.0,359.45972
4,2,0.0,0,A_real_only,10.1002/eem2.12876,294.0,253.4829
4,2,0.0,0,A_real_only,10.1002/eem2.12876,74.0,251.8522
4,2,0.0,0,A_real_only,10.1002/eem2.12876,105.0,251.8522
4,2,0.0,0,A_real_only,10.1002/eem2.12876,208.0,226.24606
4,2,0.0,0,A_real_only,10.1002/smll.202202203,376.0,222.59952
4,2,0.0,0,A_real_only,10.1021/acsnano.3c11551,252.5,303.96658
4,2,1.0,0,B_real_plus_1.0x,10.1016/j.apmt.2019.06.013,278.0,390.1128
4,2,1.0,0,B_real_plus_1.0x,10.1016/j.apmt.2019.06.013,378.0,389.83044
4,2,1.0,0,B_real_plus_1.0x,10.1016/j.apmt.2019.06.013,414.0,389.83044
4,2,1.0,0,B_real_plus_1.0x,10.1002/eem2.12876,294.0,276.57098
4,2,1.0,0,B_real_plus_1.0x,10.1002/eem2.12876,74.0,276.00064
4,2,1.0,0,B_real_plus_1.0x,10.1002/eem2.12876,105.0,274.52563
4,2,1.0,0,B_real_plus_1.0x,10.1002/eem2.12876,208.0,226.93172
4,2,1.0,0,B_real_plus_1.0x,10.1002/smll.202202203,376.0,218.15471
4,2,1.0,0,B_real_plus_1.0x,10.1021/acsnano.3c11551,252.5,327.1127
4,2,1.0,1,B_real_plus_1.0x,10.1016/j.apmt.2019.06.013,278.0,388.19092
4,2,1.0,1,B_real_plus_1.0x,10.1016/j.apmt.2019.06.013,378.0,383.56964
4,2,1.0,1,B_real_plus_1.0x,10.1016/j.apmt.2019.06.013,414.0,383.56964
4,2,1.0,1,B_real_plus_1.0x,10.1002/eem2.12876,294.0,220.59775
4,2,1.0,1,B_real_plus_1.0x,10.1002/eem2.12876,74.0,215.82234
4,2,1.0,1,B_real_plus_1.0x,10.1002/eem2.12876,105.0,215.82234
4,2,1.0,1,B_real_plus_1.0x,10.1002/eem2.12876,208.0,212.982
4,2,1.0,1,B_real_plus_1.0x,10.1002/smll.202202203,376.0,218.21254
4,2,1.0,1,B_real_plus_1.0x,10.1021/acsnano.3c11551,252.5,325.2067
4,2,1.0,2,B_real_plus_1.0x,10.1016/j.apmt.2019.06.013,278.0,408.0824
4,2,1.0,2,B_real_plus_1.0x,10.1016/j.apmt.2019.06.013,378.0,380.04932
4,2,1.0,2,B_real_plus_1.0x,10.1016/j.apmt.2019.06.013,414.0,380.04932
4,2,1.0,2,B_real_plus_1.0x,10.1002/eem2.12876,294.0,293.8438
4,2,1.0,2,B_real_plus_1.0x,10.1002/eem2.12876,74.0,293.71933
4,2,1.0,2,B_real_plus_1.0x,10.1002/eem2.12876,105.0,293.71933
4,2,1.0,2,B_real_plus_1.0x,10.1002/eem2.12876,208.0,253.43199
4,2,1.0,2,B_real_plus_1.0x,10.1002/smll.202202203,376.0,217.56757
4,2,1.0,2,B_real_plus_1.0x,10.1021/acsnano.3c11551,252.5,392.04987
4,2,3.0,0,C_real_plus_3.0x,10.1016/j.apmt.2019.06.013,278.0,399.193
4,2,3.0,0,C_real_plus_3.0x,10.1016/j.apmt.2019.06.013,378.0,390.22137
4,2,3.0,0,C_real_plus_3.0x,10.1016/j.apmt.2019.06.013,414.0,390.22137
4,2,3.0,0,C_real_plus_3.0x,10.1002/eem2.12876,294.0,244.69595
4,2,3.0,0,C_real_plus_3.0x,10.1002/eem2.12876,74.0,243.43628
4,2,3.0,0,C_real_plus_3.0x,10.1002/eem2.12876,105.0,228.53444
4,2,3.0,0,C_real_plus_3.0x,10.1002/eem2.12876,208.0,231.4777
4,2,3.0,0,C_real_plus_3.0x,10.1002/smll.202202203,376.0,209.78328
4,2,3.0,0,C_real_plus_3.0x,10.1021/acsnano.3c11551,252.5,428.80557
4,2,3.0,1,C_real_plus_3.0x,10.1016/j.apmt.2019.06.013,278.0,368.01093
4,2,3.0,1,C_real_plus_3.0x,10.1016/j.apmt.2019.06.013,378.0,347.56564
4,2,3.0,1,C_real_plus_3.0x,10.1016/j.apmt.2019.06.013,414.0,347.56564
4,2,3.0,1,C_real_plus_3.0x,10.1002/eem2.12876,294.0,253.59018
4,2,3.0,1,C_real_plus_3.0x,10.1002/eem2.12876,74.0,240.27516
4,2,3.0,1,C_real_plus_3.0x,10.1002/eem2.12876,105.0,234.99908
4,2,3.0,1,C_real_plus_3.0x,10.1002/eem2.12876,208.0,229.09756
4,2,3.0,1,C_real_plus_3.0x,10.1002/smll.202202203,376.0,206.47752
4,2,3.0,1,C_real_plus_3.0x,10.1021/acsnano.3c11551,252.5,378.63248
4,2,3.0,2,C_real_plus_3.0x,10.1016/j.apmt.2019.06.013,278.0,335.43192
4,2,3.0,2,C_real_plus_3.0x,10.1016/j.apmt.2019.06.013,378.0,339.86493
4,2,3.0,2,C_real_plus_3.0x,10.1016/j.apmt.2019.06.013,414.0,339.86493
4,2,3.0,2,C_real_plus_3.0x,10.1002/eem2.12876,294.0,291.42746
4,2,3.0,2,C_real_plus_3.0x,10.1002/eem2.12876,74.0,280.0171
4,2,3.0,2,C_real_plus_3.0x,10.1002/eem2.12876,105.0,287.7637
4,2,3.0,2,C_real_plus_3.0x,10.1002/eem2.12876,208.0,284.89462
4,2,3.0,2,C_real_plus_3.0x,10.1002/smll.202202203,376.0,213.79527
4,2,3.0,2,C_real_plus_3.0x,10.1021/acsnano.3c11551,252.5,485.94656
4,2,5.25,0,D_real_plus_5.25x,10.1016/j.apmt.2019.06.013,278.0,396.60077
4,2,5.25,0,D_real_plus_5.25x,10.1016/j.apmt.2019.06.013,378.0,377.48712
4,2,5.25,0,D_real_plus_5.25x,10.1016/j.apmt.2019.06.013,414.0,377.48712
4,2,5.25,0,D_real_plus_5.25x,10.1002/eem2.12876,294.0,216.42484
4,2,5.25,0,D_real_plus_5.25x,10.1002/eem2.12876,74.0,205.4558
4,2,5.25,0,D_real_plus_5.25x,10.1002/eem2.12876,105.0,205.7447
4,2,5.25,0,D_real_plus_5.25x,10.1002/eem2.12876,208.0,209.29483
4,2,5.25,0,D_real_plus_5.25x,10.1002/smll.202202203,376.0,207.84486
4,2,5.25,0,D_real_plus_5.25x,10.1021/acsnano.3c11551,252.5,508.7571
4,2,5.25,1,D_real_plus_5.25x,10.1016/j.apmt.2019.06.013,278.0,378.44824
4,2,5.25,1,D_real_plus_5.25x,10.1016/j.apmt.2019.06.013,378.0,369.13132
4,2,5.25,1,D_real_plus_5.25x,10.1016/j.apmt.2019.06.013,414.0,369.13132
4,2,5.25,1,D_real_plus_5.25x,10.1002/eem2.12876,294.0,235.42514
4,2,5.25,1,D_real_plus_5.25x,10.1002/eem2.12876,74.0,227.63945
4,2,5.25,1,D_real_plus_5.25x,10.1002/eem2.12876,105.0,225.97533
4,2,5.25,1,D_real_plus_5.25x,10.1002/eem2.12876,208.0,231.05737
4,2,5.25,1,D_real_plus_5.25x,10.1002/smll.202202203,376.0,224.12404
4,2,5.25,1,D_real_plus_5.25x,10.1021/acsnano.3c11551,252.5,420.7362
4,2,5.25,2,D_real_plus_5.25x,10.1016/j.apmt.2019.06.013,278.0,371.733
4,2,5.25,2,D_real_plus_5.25x,10.1016/j.apmt.2019.06.013,378.0,365.1528
4,2,5.25,2,D_real_plus_5.25x,10.1016/j.apmt.2019.06.013,414.0,365.1528
4,2,5.25,2,D_real_plus_5.25x,10.1002/eem2.12876,294.0,272.04538
4,2,5.25,2,D_real_plus_5.25x,10.1002/eem2.12876,74.0,260.92352
4,2,5.25,2,D_real_plus_5.25x,10.1002/eem2.12876,105.0,250.6973
4,2,5.25,2,D_real_plus_5.25x,10.1002/eem2.12876,208.0,247.93398
4,2,5.25,2,D_real_plus_5.25x,10.1002/smll.202202203,376.0,218.04272
4,2,5.25,2,D_real_plus_5.25x,10.1021/acsnano.3c11551,252.5,507.34497
4,3,1.0,0,B_real_plus_1.0x,10.1016/j.apmt.2019.06.013,278.0,436.31464
4,3,1.0,0,B_real_plus_1.0x,10.1016/j.apmt.2019.06.013,378.0,374.61584
4,3,1.0,0,B_real_plus_1.0x,10.1016/j.apmt.2019.06.013,414.0,374.61584
4,3,1.0,0,B_real_plus_1.0x,10.1002/eem2.12876,294.0,262.16254
4,3,1.0,0,B_real_plus_1.0x,10.1002/eem2.12876,74.0,281.80505
4,3,1.0,0,B_real_plus_1.0x,10.1002/eem2.12876,105.0,234.60951
4,3,1.0,0,B_real_plus_1.0x,10.1002/eem2.12876,208.0,224.30217
4,3,1.0,0,B_real_plus_1.0x,10.1002/smll.202202203,376.0,226.91632
4,3,1.0,0,B_real_plus_1.0x,10.1021/acsnano.3c11551,252.5,319.9799
4,3,3.0,0,C_real_plus_3.0x,10.1016/j.apmt.2019.06.013,278.0,367.89648
4,3,3.0,0,C_real_plus_3.0x,10.1016/j.apmt.2019.06.013,378.0,366.96338
4,3,3.0,0,C_real_plus_3.0x,10.1016/j.apmt.2019.06.013,414.0,366.96338
4,3,3.0,0,C_real_plus_3.0x,10.1002/eem2.12876,294.0,235.63315
4,3,3.0,0,C_real_plus_3.0x,10.1002/eem2.12876,74.0,226.86241
4,3,3.0,0,C_real_plus_3.0x,10.1002/eem2.12876,105.0,227.45068
4,3,3.0,0,C_real_plus_3.0x,10.1002/eem2.12876,208.0,229.19621
4,3,3.0,0,C_real_plus_3.0x,10.1002/smll.202202203,376.0,231.58018
4,3,3.0,0,C_real_plus_3.0x,10.1021/acsnano.3c11551,252.5,387.97095
4,3,5.25,0,D_real_plus_5.25x,10.1016/j.apmt.2019.06.013,278.0,424.31863
4,3,5.25,0,D_real_plus_5.25x,10.1016/j.apmt.2019.06.013,378.0,421.36655
4,3,5.25,0,D_real_plus_5.25x,10.1016/j.apmt.2019.06.013,414.0,421.36655
4,3,5.25,0,D_real_plus_5.25x,10.1002/eem2.12876,294.0,225.25867
4,3,5.25,0,D_real_plus_5.25x,10.1002/eem2.12876,74.0,224.46492
4,3,5.25,0,D_real_plus_5.25x,10.1002/eem2.12876,105.0,221.6754
4,3,5.25,0,D_real_plus_5.25x,10.1002/eem2.12876,208.0,222.5706
4,3,5.25,0,D_real_plus_5.25x,10.1002/smll.202202203,376.0,225.53098
4,3,5.25,0,D_real_plus_5.25x,10.1021/acsnano.3c11551,252.5,355.1722
5,1,1.0,0,B_real_plus_1.0x,10.1016/j.carbon.2025.120021,424.0,236.96732
5,1,1.0,0,B_real_plus_1.0x,10.1016/j.carbon.2025.120021,330.0,244.66006
5,1,1.0,0,B_real_plus_1.0x,10.1039/d5ta06789h,234.5,225.84616
5,1,1.0,0,B_real_plus_1.0x,10.1039/d5ta06789h,146.9,265.99078
5,1,1.0,0,B_real_plus_1.0x,10.1039/d5ta06789h,219.1,228.66945
5,1,1.0,0,B_real_plus_1.0x,10.1038/nenergy.2017.105,310.0,316.08182
5,1,1.0,0,B_real_plus_1.0x,10.1038/nenergy.2017.105,280.0,316.08182
5,1,1.0,0,B_real_plus_1.0x,10.1038/nenergy.2017.105,125.0,316.08182
5,1,1.0,0,B_real_plus_1.0x,10.1002/smll.201804732,258.2,268.22293
5,1,3.0,0,C_real_plus_3.0x,10.1016/j.carbon.2025.120021,424.0,235.79837
5,1,3.0,0,C_real_plus_3.0x,10.1016/j.carbon.2025.120021,330.0,305.3193
5,1,3.0,0,C_real_plus_3.0x,10.1039/d5ta06789h,234.5,249.17616
5,1,3.0,0,C_real_plus_3.0x,10.1039/d5ta06789h,146.9,256.68478
5,1,3.0,0,C_real_plus_3.0x,10.1039/d5ta06789h,219.1,235.66783
5,1,3.0,0,C_real_plus_3.0x,10.1038/nenergy.2017.105,310.0,273.4889
5,1,3.0,0,C_real_plus_3.0x,10.1038/nenergy.2017.105,280.0,273.4889
5,1,3.0,0,C_real_plus_3.0x,10.1038/nenergy.2017.105,125.0,273.4889
5,1,3.0,0,C_real_plus_3.0x,10.1002/smll.201804732,258.2,267.1577
5,1,5.25,0,D_real_plus_5.25x,10.1016/j.carbon.2025.120021,424.0,241.43646
5,1,5.25,0,D_real_plus_5.25x,10.1016/j.carbon.2025.120021,330.0,329.22955
5,1,5.25,0,D_real_plus_5.25x,10.1039/d5ta06789h,234.5,246.24017
5,1,5.25,0,D_real_plus_5.25x,10.1039/d5ta06789h,146.9,275.13422
5,1,5.25,0,D_real_plus_5.25x,10.1039/d5ta06789h,219.1,235.69814
5,1,5.25,0,D_real_plus_5.25x,10.1038/nenergy.2017.105,310.0,259.44238
5,1,5.25,0,D_real_plus_5.25x,10.1038/nenergy.2017.105,280.0,259.44238
5,1,5.25,0,D_real_plus_5.25x,10.1038/nenergy.2017.105,125.0,259.44238
5,1,5.25,0,D_real_plus_5.25x,10.1002/smll.201804732,258.2,258.1615
5,2,0.0,0,A_real_only,10.1016/j.carbon.2025.120021,424.0,243.32486
5,2,0.0,0,A_real_only,10.1016/j.carbon.2025.120021,330.0,276.28116
5,2,0.0,0,A_real_only,10.1039/d5ta06789h,234.5,236.29297
5,2,0.0,0,A_real_only,10.1039/d5ta06789h,146.9,307.74994
5,2,0.0,0,A_real_only,10.1039/d5ta06789h,219.1,231.24533
5,2,0.0,0,A_real_only,10.1038/nenergy.2017.105,310.0,289.44775
5,2,0.0,0,A_real_only,10.1038/nenergy.2017.105,280.0,289.44775
5,2,0.0,0,A_real_only,10.1038/nenergy.2017.105,125.0,289.44775
5,2,0.0,0,A_real_only,10.1002/smll.201804732,258.2,300.08453
5,2,1.0,0,B_real_plus_1.0x,10.1016/j.carbon.2025.120021,424.0,270.65836
5,2,1.0,0,B_real_plus_1.0x,10.1016/j.carbon.2025.120021,330.0,360.6411
5,2,1.0,0,B_real_plus_1.0x,10.1039/d5ta06789h,234.5,241.31615
5,2,1.0,0,B_real_plus_1.0x,10.1039/d5ta06789h,146.9,313.72498
5,2,1.0,0,B_real_plus_1.0x,10.1039/d5ta06789h,219.1,251.15977
5,2,1.0,0,B_real_plus_1.0x,10.1038/nenergy.2017.105,310.0,291.7223
5,2,1.0,0,B_real_plus_1.0x,10.1038/nenergy.2017.105,280.0,291.7223
5,2,1.0,0,B_real_plus_1.0x,10.1038/nenergy.2017.105,125.0,291.7223
5,2,1.0,0,B_real_plus_1.0x,10.1002/smll.201804732,258.2,274.62692
5,2,1.0,1,B_real_plus_1.0x,10.1016/j.carbon.2025.120021,424.0,250.5514
5,2,1.0,1,B_real_plus_1.0x,10.1016/j.carbon.2025.120021,330.0,253.4171
5,2,1.0,1,B_real_plus_1.0x,10.1039/d5ta06789h,234.5,249.46529
5,2,1.0,1,B_real_plus_1.0x,10.1039/d5ta06789h,146.9,319.5315
5,2,1.0,1,B_real_plus_1.0x,10.1039/d5ta06789h,219.1,243.23364
5,2,1.0,1,B_real_plus_1.0x,10.1038/nenergy.2017.105,310.0,304.33148
5,2,1.0,1,B_real_plus_1.0x,10.1038/nenergy.2017.105,280.0,304.92508
5,2,1.0,1,B_real_plus_1.0x,10.1038/nenergy.2017.105,125.0,304.92508
5,2,1.0,1,B_real_plus_1.0x,10.1002/smll.201804732,258.2,283.58908
5,2,1.0,2,B_real_plus_1.0x,10.1016/j.carbon.2025.120021,424.0,242.21567
5,2,1.0,2,B_real_plus_1.0x,10.1016/j.carbon.2025.120021,330.0,275.65594
5,2,1.0,2,B_real_plus_1.0x,10.1039/d5ta06789h,234.5,234.88971
5,2,1.0,2,B_real_plus_1.0x,10.1039/d5ta06789h,146.9,284.13705
5,2,1.0,2,B_real_plus_1.0x,10.1039/d5ta06789h,219.1,231.23753
5,2,1.0,2,B_real_plus_1.0x,10.1038/nenergy.2017.105,310.0,305.2379
5,2,1.0,2,B_real_plus_1.0x,10.1038/nenergy.2017.105,280.0,305.2379
5,2,1.0,2,B_real_plus_1.0x,10.1038/nenergy.2017.105,125.0,305.2379
5,2,1.0,2,B_real_plus_1.0x,10.1002/smll.201804732,258.2,286.58765
5,2,3.0,0,C_real_plus_3.0x,10.1016/j.carbon.2025.120021,424.0,229.71938
5,2,3.0,0,C_real_plus_3.0x,10.1016/j.carbon.2025.120021,330.0,328.04242
5,2,3.0,0,C_real_plus_3.0x,10.1039/d5ta06789h,234.5,224.77641
5,2,3.0,0,C_real_plus_3.0x,10.1039/d5ta06789h,146.9,314.26135
5,2,3.0,0,C_real_plus_3.0x,10.1039/d5ta06789h,219.1,223.4484
5,2,3.0,0,C_real_plus_3.0x,10.1038/nenergy.2017.105,310.0,251.73631
5,2,3.0,0,C_real_plus_3.0x,10.1038/nenergy.2017.105,280.0,251.73631
5,2,3.0,0,C_real_plus_3.0x,10.1038/nenergy.2017.105,125.0,251.73631
5,2,3.0,0,C_real_plus_3.0x,10.1002/smll.201804732,258.2,254.07584
5,2,3.0,1,C_real_plus_3.0x,10.1016/j.carbon.2025.120021,424.0,206.09203
5,2,3.0,1,C_real_plus_3.0x,10.1016/j.carbon.2025.120021,330.0,287.2152
5,2,3.0,1,C_real_plus_3.0x,10.1039/d5ta06789h,234.5,200.50928
5,2,3.0,1,C_real_plus_3.0x,10.1039/d5ta06789h,146.9,335.80502
5,2,3.0,1,C_real_plus_3.0x,10.1039/d5ta06789h,219.1,199.76395
5,2,3.0,1,C_real_plus_3.0x,10.1038/nenergy.2017.105,310.0,269.87878
5,2,3.0,1,C_real_plus_3.0x,10.1038/nenergy.2017.105,280.0,269.87878
5,2,3.0,1,C_real_plus_3.0x,10.1038/nenergy.2017.105,125.0,269.87878
5,2,3.0,1,C_real_plus_3.0x,10.1002/smll.201804732,258.2,279.43176
5,2,3.0,2,C_real_plus_3.0x,10.1016/j.carbon.2025.120021,424.0,221.81725
5,2,3.0,2,C_real_plus_3.0x,10.1016/j.carbon.2025.120021,330.0,249.15071
5,2,3.0,2,C_real_plus_3.0x,10.1039/d5ta06789h,234.5,215.4157
5,2,3.0,2,C_real_plus_3.0x,10.1039/d5ta06789h,146.9,285.13916
5,2,3.0,2,C_real_plus_3.0x,10.1039/d5ta06789h,219.1,210.96237
5,2,3.0,2,C_real_plus_3.0x,10.1038/nenergy.2017.105,310.0,275.32074
5,2,3.0,2,C_real_plus_3.0x,10.1038/nenergy.2017.105,280.0,275.32074
5,2,3.0,2,C_real_plus_3.0x,10.1038/nenergy.2017.105,125.0,275.32074
5,2,3.0,2,C_real_plus_3.0x,10.1002/smll.201804732,258.2,282.6162
5,2,5.25,0,D_real_plus_5.25x,10.1016/j.carbon.2025.120021,424.0,255.3155
5,2,5.25,0,D_real_plus_5.25x,10.1016/j.carbon.2025.120021,330.0,314.559
5,2,5.25,0,D_real_plus_5.25x,10.1039/d5ta06789h,234.5,229.68251
5,2,5.25,0,D_real_plus_5.25x,10.1039/d5ta06789h,146.9,348.3994
5,2,5.25,0,D_real_plus_5.25x,10.1039/d5ta06789h,219.1,228.83014
5,2,5.25,0,D_real_plus_5.25x,10.1038/nenergy.2017.105,310.0,254.52893
5,2,5.25,0,D_real_plus_5.25x,10.1038/nenergy.2017.105,280.0,255.8
5,2,5.25,0,D_real_plus_5.25x,10.1038/nenergy.2017.105,125.0,255.8
5,2,5.25,0,D_real_plus_5.25x,10.1002/smll.201804732,258.2,263.4121
5,2,5.25,1,D_real_plus_5.25x,10.1016/j.carbon.2025.120021,424.0,253.15489
5,2,5.25,1,D_real_plus_5.25x,10.1016/j.carbon.2025.120021,330.0,316.2779
5,2,5.25,1,D_real_plus_5.25x,10.1039/d5ta06789h,234.5,242.83379
5,2,5.25,1,D_real_plus_5.25x,10.1039/d5ta06789h,146.9,356.23535
5,2,5.25,1,D_real_plus_5.25x,10.1039/d5ta06789h,219.1,245.0171
5,2,5.25,1,D_real_plus_5.25x,10.1038/nenergy.2017.105,310.0,236.25438
5,2,5.25,1,D_real_plus_5.25x,10.1038/nenergy.2017.105,280.0,236.25438
5,2,5.25,1,D_real_plus_5.25x,10.1038/nenergy.2017.105,125.0,236.25438
5,2,5.25,1,D_real_plus_5.25x,10.1002/smll.201804732,258.2,260.86038
5,2,5.25,2,D_real_plus_5.25x,10.1016/j.carbon.2025.120021,424.0,234.32018
5,2,5.25,2,D_real_plus_5.25x,10.1016/j.carbon.2025.120021,330.0,289.55194
5,2,5.25,2,D_real_plus_5.25x,10.1039/d5ta06789h,234.5,224.23079
5,2,5.25,2,D_real_plus_5.25x,10.1039/d5ta06789h,146.9,326.83566
5,2,5.25,2,D_real_plus_5.25x,10.1039/d5ta06789h,219.1,220.75426
5,2,5.25,2,D_real_plus_5.25x,10.1038/nenergy.2017.105,310.0,263.86295
5,2,5.25,2,D_real_plus_5.25x,10.1038/nenergy.2017.105,280.0,263.86295
5,2,5.25,2,D_real_plus_5.25x,10.1038/nenergy.2017.105,125.0,263.86295
5,2,5.25,2,D_real_plus_5.25x,10.1002/smll.201804732,258.2,278.83047
5,3,1.0,0,B_real_plus_1.0x,10.1016/j.carbon.2025.120021,424.0,230.86984
5,3,1.0,0,B_real_plus_1.0x,10.1016/j.carbon.2025.120021,330.0,255.04346
5,3,1.0,0,B_real_plus_1.0x,10.1039/d5ta06789h,234.5,225.64337
5,3,1.0,0,B_real_plus_1.0x,10.1039/d5ta06789h,146.9,271.10406
5,3,1.0,0,B_real_plus_1.0x,10.1039/d5ta06789h,219.1,226.06375
5,3,1.0,0,B_real_plus_1.0x,10.1038/nenergy.2017.105,310.0,270.9163
5,3,1.0,0,B_real_plus_1.0x,10.1038/nenergy.2017.105,280.0,270.9163
5,3,1.0,0,B_real_plus_1.0x,10.1038/nenergy.2017.105,125.0,270.9163
5,3,1.0,0,B_real_plus_1.0x,10.1002/smll.201804732,258.2,306.20648
5,3,3.0,0,C_real_plus_3.0x,10.1016/j.carbon.2025.120021,424.0,235.90668
5,3,3.0,0,C_real_plus_3.0x,10.1016/j.carbon.2025.120021,330.0,268.43707
5,3,3.0,0,C_real_plus_3.0x,10.1039/d5ta06789h,234.5,240.11903
5,3,3.0,0,C_real_plus_3.0x,10.1039/d5ta06789h,146.9,287.7934
5,3,3.0,0,C_real_plus_3.0x,10.1039/d5ta06789h,219.1,231.0055
5,3,3.0,0,C_real_plus_3.0x,10.1038/nenergy.2017.105,310.0,293.00366
5,3,3.0,0,C_real_plus_3.0x,10.1038/nenergy.2017.105,280.0,293.00366
5,3,3.0,0,C_real_plus_3.0x,10.1038/nenergy.2017.105,125.0,293.00366
5,3,3.0,0,C_real_plus_3.0x,10.1002/smll.201804732,258.2,262.8813
5,3,5.25,0,D_real_plus_5.25x,10.1016/j.carbon.2025.120021,424.0,230.23338
5,3,5.25,0,D_real_plus_5.25x,10.1016/j.carbon.2025.120021,330.0,255.92157
5,3,5.25,0,D_real_plus_5.25x,10.1039/d5ta06789h,234.5,221.4598
5,3,5.25,0,D_real_plus_5.25x,10.1039/d5ta06789h,146.9,287.55756
5,3,5.25,0,D_real_plus_5.25x,10.1039/d5ta06789h,219.1,212.28369
5,3,5.25,0,D_real_plus_5.25x,10.1038/nenergy.2017.105,310.0,289.3533
5,3,5.25,0,D_real_plus_5.25x,10.1038/nenergy.2017.105,280.0,289.3533
5,3,5.25,0,D_real_plus_5.25x,10.1038/nenergy.2017.105,125.0,289.3533
5,3,5.25,0,D_real_plus_5.25x,10.1002/smll.201804732,258.2,266.61783
