DOI,Year & Author,Mxene formula,Composition,Synthesis method,Layer No,Interlayer spacing (d),Flake Size,Porosity,Pore Diameter,Tortuosity,Electrode Thickness,Mass Loading,Electrolyte,SSA,Scan Rate,Current Density,Gravimetric Capacitance,Volumetric Capacitance,Areal Capacitance
10.1016/j.nanoen.2020.104886,"2020, Zhu et al.",Ti3C2Tx,Ti3C2 with surface termination groups (Tx),"LiF/HCl etching (MILD); 1g LiF + 20 mL 9M HCl, 35°C, 24h; vacuum filtration on PTFE membrane",Delaminated/few-layer,11.15 Å (XRD (002) peak at 7.87° 2θ),"0.2–2 µm (bimodal, SEM)",Not reported,Not reported,Not reported,Not reported,Not reported,1 M KOH,Not reported,5 mV s⁻¹,5 A g⁻¹,82 F g⁻¹ at 5 A g⁻¹,Not reported,Not reported
10.1016/j.nanoen.2020.104886,"2020, Zhu et al.",Ti3C2Tx (Expanded MXene),Ti3C2 with surface termination groups (Tx); crumpled/expanded morphology,"LiF/HCl etching + MgO hard template (≤50 nm, 200 mg MgO per 50 mg MXene); MgO removed with 3M acetic acid","Delaminated, crumpled layers",13.60 Å (expanded from 11.15 Å via MgO templating),0.2–2 µm (same precursor; MgO ≤50 nm),Not reported,Not reported (voids from MgO dissolution; no quantified diameter),Not reported,Not reported,Not reported,1 M KOH,Not reported,5 mV s⁻¹,5 A g⁻¹,180 F g⁻¹ at 1 A g⁻¹; 112 F g⁻¹ at 5 A g⁻¹,Not reported,Not reported
10.1016/j.nanoen.2020.104886,"2020, Zhu et al.",Ti3C1.7Tx (MXene Foam),Ti3C1.7 with surface terminations; curved porous layers (carbon loss confirmed by EDX),"LiF/HCl etching + urea composite (200 mg urea per 50 mg MXene); pyrolyzed 550°C, Ar, 2h","Delaminated, porous foam architecture",Slightly decreased vs. pristine (H2O de-intercalation during pyrolysis; exact value not stated),Not reported (post-pyrolysis flake size not measured),Macroporous (numerous macropores by SEM; no quantified %),Not reported (macro-scale visible in SEM; no numerical value given),Not reported,Not reported,~3.5 mg cm⁻² (stated in symmetric device section),1 M KOH,Not reported,5 mV s⁻¹,5 A g⁻¹,203 F g⁻¹ at 5 A g⁻¹,Not reported,811 mF cm⁻² at 5 A g⁻¹
10.1016/j.jobab.2021.10.001,2022; Wei et al.,N/A,"Chitosan-derived N,O-doped porous carbon microsphere","Hydrothermal carbonization of chitosan (210°C, 20h) + KOH activation at 800°C for 2h",Not reported,Not reported,Not reported,Not reported,Not reported,Not reported,Not reported,~0.02 mg (4 mg/1000 µL; 5 µL on GCE),1 mol/L H₂SO₄ (3-electrode); 1 mol/L Na₂SO₄ (2-electrode),2387 m² g⁻¹,5 mV s⁻¹,0.5 A g⁻¹,Not reported,Not reported,Not reported
10.1016/j.jobab.2021.10.001,2022; Wei et al.,Ti₃C₂Tₓ,"Ti₃C₂ with –O, –OH, –F terminations integrated with N,O-doped porous carbon microspheres (sandwich structure; HCS:Ti₃C₂Tₓ = 20:1 mass ratio)","MILD etching (LiF/HCl, 35°C, 24h) + ultrasonication (300W, 2h) + KOH activation at 800°C with carbon microsphere intercalation via electrostatic self-assembly",Single/few-layer,Not reported,Not reported,Not reported,Not reported,Not reported,Not reported,~0.02 mg (4 mg/1000 µL; 5 µL on GCE),1 mol/L H₂SO₄ (3-electrode); 1 mol/L Na₂SO₄ (2-electrode),1649 m² g⁻¹,5 mV s⁻¹,0.5 A g⁻¹,362 F g⁻¹ at 0.5 A g⁻¹ (3-electrode); 194.5 F g⁻¹ at 1 A g⁻¹ (2-electrode),Not reported,Not reported
10.1016/j.ensm.2023.103148,"2024, Spurling et al.",Ti3C2Tx,"Ti3C2 with -OH, =O, -F terminations",MILD (LiF/HCl); 3D networked via sacrificial t-ZnO template,"Delaminated, few-layer","14.7 Å (XRD (002), after ZnO etch)",Micrometer-sized (large flakes),~99.8% as-prepared; compressed 10x to final thickness — exact post-compression value not reported,Not reported,Not reported,200 µm,2.1 mg cm-2,0.5 M H2SO4,Not reported,100 mV s-1,20 A g-1,~280 F g-1 (at 100 mV s-1),Not reported,Not reported
10.1016/j.ensm.2023.103148,"2024, Spurling et al.",Ti3C2Tx,"Ti3C2 with -OH, =O, -F terminations",MILD (LiF/HCl); 3D networked via sacrificial t-ZnO template,"Delaminated, few-layer","14.7 Å (XRD (002), after ZnO etch)",Micrometer-sized (large flakes),~99.8% as-prepared; compressed 10x to final thickness — exact post-compression value not reported,Not reported,Not reported,200 µm,3.2 mg cm-2,0.5 M H2SO4,Not reported,100 mV s-1,20 A g-1,~260 F g-1 (100 mV s-1); 210 F g-1 (200 mV s-1),140 F cm-3 (at 200 mV s-1),~1.4 F cm-2 (at 200 mV s-1)
10.1016/j.ensm.2023.103148,"2024, Spurling et al.",Ti3C2Tx,"Ti3C2 with -OH, =O, -F terminations",MILD (LiF/HCl); 3D networked via sacrificial t-ZnO template,"Delaminated, few-layer","14.7 Å (XRD (002), after ZnO etch)",Micrometer-sized (large flakes),~99.8% as-prepared; compressed 10x to final thickness — exact post-compression value not reported,Not reported,Not reported,200 µm,4.4 mg cm-2,0.5 M H2SO4,Not reported,100 mV s-1,20 A g-1,~255 F g-1 (at 100 mV s-1),Not reported,Not reported
10.1016/j.ensm.2023.103148,"2024, Spurling et al.",Ti3C2Tx,"Ti3C2 with -OH, =O, -F terminations",MILD (LiF/HCl); 3D networked via sacrificial t-ZnO template,"Delaminated, few-layer","14.7 Å (XRD (002), after ZnO etch)",Micrometer-sized (large flakes),~99.8% as-prepared; compressed 10x to final thickness — exact post-compression value not reported,Not reported,Not reported,200 µm,5.8 mg cm-2,0.5 M H2SO4,Not reported,100 mV s-1,20 A g-1,"~250 F g-1 (100 mV s-1); 261 F g-1 (20 A g-1, long-term GCD)",Not reported,Not reported
10.1016/j.ensm.2023.103148,"2024, Spurling et al.",Ti3C2Tx,"Ti3C2 with -OH, =O, -F terminations",MILD (LiF/HCl); 3D networked via sacrificial t-ZnO template,"Delaminated, few-layer","14.7 Å (XRD (002), after ZnO etch)",Micrometer-sized (large flakes),~99.8% as-prepared; compressed 10x to final thickness — exact post-compression value not reported,Not reported,Not reported,200 µm,7.2 mg cm-2,0.5 M H2SO4,Not reported,100 mV s-1,20 A g-1,~230 F g-1 (at 100 mV s-1),Not reported,Not reported
10.1016/j.ensm.2023.103148,"2024, Spurling et al.",Ti3C2Tx,"Ti3C2 with -OH, =O, -F terminations",MILD (LiF/HCl); 3D networked via sacrificial t-ZnO template,"Delaminated, few-layer","14.7 Å (XRD (002), after ZnO etch)",Micrometer-sized (large flakes),~99.8% as-prepared,Not reported,Not reported,2000 µm,3.3 mg cm-2,0.5 M H2SO4,Not reported,Not reported,Not reported,Not reported,"~5 F cm-3 (as-prepared, uncompressed)",Not reported
10.1016/j.ensm.2023.103148,"2024, Spurling et al.",Ti3C2Tx,"Ti3C2 with -OH, =O, -F terminations",MILD (LiF/HCl); 3D networked via sacrificial t-ZnO template,"Delaminated, few-layer","14.7 Å (XRD (002), after ZnO etch)",Micrometer-sized (large flakes),Not reported (compressed from 2000 to 500 µm),Not reported,Not reported,500 µm,3.3 mg cm-2,0.5 M H2SO4,Not reported,Not reported,Not reported,Not reported,Not reported,Not reported
10.1016/j.ensm.2023.103148,"2024, Spurling et al.",Ti3C2Tx,"Ti3C2 with -OH, =O, -F terminations",MILD (LiF/HCl); 3D networked via sacrificial t-ZnO template,"Delaminated, few-layer","14.7 Å (XRD (002), after ZnO etch)",Micrometer-sized (large flakes),Not reported (compressed from 2000 to 100 µm),Not reported,Not reported,100 µm,3.2 mg cm-2,0.5 M H2SO4,Not reported,500 mV s-1,Not reported,93% retention at 500 mV s-1 vs max; absolute value not explicitly stated,Not reported,Not reported
10.1016/j.ensm.2023.103148,"2024, Spurling et al.",Ti3C2Tx,"Ti3C2 with -OH, =O, -F terminations",MILD (LiF/HCl); 3D networked via sacrificial t-ZnO template,"Delaminated, few-layer","14.7 Å (XRD (002), after ZnO etch)",Micrometer-sized (large flakes),Not reported (compressed from 2000 to 50 µm),Not reported,Not reported,50 µm,3.2 mg cm-2,0.5 M H2SO4,Not reported,5 mV s-1,5 A g-1,"100 F g-1 (symmetric device, 5 mV s-1, total mass of both electrodes)",180 F cm-3 (at 50 mV s-1),Not reported
10.1002/adma.201902725,"2019, Yang et al.",Ti3C2Tx,"Ti3C2 with -O, -OH, -F surface terminations","MILD etching (LiF/HCl, in-situ HF); water/Li+ intercalation delamination; no sonication","Few-layer, 1-3 nm thick",Not reported,"8 ± 2.7 µm (mean lateral size, from SEM)",Not reported,"0.8-9 nm (mesoporous, DFT from N2 adsorption); macropores 3-35 µm (SEM)",Not reported,Not reported (printed filament diameter: 326 ± 13 µm),8.5 mg cm-2,PVA/H2SO4 (solid-state),"177 m2 g-1 (3D printed, BET); 100 m2 g-1 (vacuum-dried 2D flakes)",5 mV s-1,0.2 A g-1,242.5 F g-1 at 0.2 A g-1,Not reported,2100 mF cm-2 (2.1 F cm-2) at 1.7 mA cm-2
10.1021/acsaem.9b01654,2020; Bayram et al.,Ti₃C₂Tₓ,Ti₃C₂ with –O and –F surface terminations,"MILD etching (LiF/HCl, 40 °C, 24 h) of Ti₃AlC₂; freeze-casting of additive-free aqueous suspension; freeze-drying",1–18 atomic layers per lamellae wall (ADF-STEM),"12.9 Å (XRD 002 peak, aerogel)",0.5–5 µm lateral; ~4 nm thick,>99%,32–53 µm lamellae spacing (avg ~51 µm at 13 mg cm⁻³),Not reported,"~10 mm (bulk aerogel, density 7–43 mg cm⁻³)",Not reported,3 M H₂SO₄ (aqueous),Not reported,2 mV s⁻¹,Not reported,380 F g⁻¹ @ 2 mV s⁻¹; 75 F g⁻¹ @ 50 mV s⁻¹,~3 F cm⁻³ @ 50 mV s⁻¹ (density 13 mg cm⁻³),Not reported
10.1021/acsaem.9b01654,2020; Bayram et al.,Ti₃C₂Tₓ,Ti₃C₂ with –O and –F surface terminations,"MILD etching (LiF/HCl, 40 °C, 24 h) of Ti₃AlC₂; freeze-casting; freeze-drying; uniaxial pressing between PMMA plates","1–18 atomic layers (same walls, compressed)",Not reported,0.5–5 µm lateral; ~4 nm thick,Not reported individually (reduced by pressing),Reduced to few µm upon pressing; spacing not individually quantified,Not reported,"50 µm (P-MA0.05, best performer; range 0.05–1 mm)",Not reported,3 M H₂SO₄ (aqueous),Not reported,10 mV s⁻¹,Not reported,149.5 F g⁻¹ @ 10 mV s⁻¹ (P-MA0.05; density 1270 mg cm⁻³),62.3 F cm⁻³ @ 10 mV s⁻¹ (P-MA0.05),Not reported
10.1021/acsaem.9b01654,2020; Bayram et al.,Ti₃C₂Tₓ,Ti₃C₂ with –O and –F surface terminations,"MILD etching (LiF/HCl, 40 °C, 24 h) of Ti₃AlC₂; freeze-casting; freeze-drying; pressing then calendering via rolling machine",1–18 atomic layers (preserved by rolling),Not reported,0.5–5 µm lateral; ~4 nm thick,Not reported individually,~1 ± 0.6 µm lamellae spacing,Not reported,60 µm,Not reported,3 M H₂SO₄ (aqueous),Not reported,10 mV s⁻¹,Not reported,315 F g⁻¹ @ 10 mV s⁻¹,323 F cm⁻³ @ 10 mV s⁻¹ (density 1030 mg cm⁻³),Not reported
10.1021/acsaem.9b01654,2020; Bayram et al.,Ti₃C₂Tₓ,Ti₃C₂ with –O and –F surface terminations,"MILD etching (LiF/HCl, 40 °C, 24 h) of Ti₃AlC₂; freeze-casting; freeze-drying; rolling of a vertical slice of MA directly (less compacted route)",1–18 atomic layers (preserved by rolling),Not reported,0.5–5 µm lateral; ~4 nm thick,Not reported individually,Not reported,Not reported,60 µm,Not reported,3 M H₂SO₄ (aqueous),Not reported,50 mV s⁻¹,Not reported,309 F g⁻¹ @ 50 mV s⁻¹,Not reported,Not reported
10.1002/adma.201702367,"2017, Liu et al.",Ti₃C₂Tₓ,"Ti₃C₂ with –OH, –O surface terminations",Vacuum-assisted filtration + hydrazine hydrate-induced foaming (material-induced pore formation),Not reported,Not reported,Not reported,Not reported,Not reported,Not reported,"60 µm (porous); 6 µm (dense, same weight)",Not reported,Not applicable,Not reported,Not applicable,Not applicable,Not applicable,Not applicable,Not applicable
10.1021/acsaem.0c01308,"2020, Fan et al.",Ti₃C₂Tₓ,Ti₃C₂Tₓ; K⁺ ion-induced microgel with micro-nanopore structure,K⁺ ion-induced aggregation + rapid freezing/sublimation (material-induced pore formation + freeze-drying),Not reported,Not reported,Not reported,Not reported,Not reported,Not reported,86 µm,Not reported,Not applicable,Not reported,Not applicable,Not applicable,Not applicable,Not applicable,Not applicable
10.1016/j.carbon.2021.01.070,"2021, Zhang, Ruan, Shi, Qiu et al. (Gu group)",Ti₃C₂Tₓ,Ti₃C₂Tₓ / reduced graphene oxide (rGO) composite,Ion-induced self-assembly (NH₄HCO₃) + vacuum-assisted filtration + annealing at 350°C in H₂/Ar,Not reported,Not reported,Not reported,Not reported,Not reported,Not reported,Not reported,Not reported,Not applicable,Not reported,Not applicable,Not applicable,Not applicable,Not applicable,Not applicable
10.1002/adma.201702410,"2017, Zhao et al.",Ti₃C₂Tₓ,Ti₃C₂Tₓ hollow microsphere porous film; MXene coated on PMMA microspheres via hydrogen bonding,Template sacrifice — PMMA microsphere coating + vacuum-assisted filtration + heat treatment at 450°C/Ar/1h,Not reported,Not reported,Not reported,Not reported,Controlled by PMMA microsphere size; exact value not reported,Not reported,Not reported,Not reported,Not reported,Not reported,Not applicable,0.25 C; 25 C,330 mAh g⁻¹ (at 0.25 C); 120 mAh g⁻¹ (at 25 C) [Na-ion battery anode],Not applicable,Not applicable
10.1002/smll.201904293,"2019, Zhao et al.",Ti₃C₂Tₓ,Ti₃C₂Tₓ freestanding flexible porous film; sulfur microspheres as pore formers,Template sacrifice — sulfur microspheres + vacuum-assisted filtration + heat treatment at 300°C/Ar/3h,Not reported,Not reported,Not reported,Not reported,Controlled by sulfur microsphere size; exact value not reported,Not reported,Not reported,Not reported,Not reported,Not reported,Not applicable,50 mA g⁻¹ (best); 18 A g⁻¹ (rate test),455.5 mAh g⁻¹ (at 50 mA g⁻¹); 101 mAh g⁻¹ (at 18 A g⁻¹) [Li-ion battery anode],Not applicable,Not applicable
10.1002/celc.201500467,"2016, Ren et al.",Ti₃C₂Tₓ,Porous MXene (p-MXene) + CNT composite; in-plane pore structure via CuSO₄ oxidation + HF etching of TiO₂,Chemical solvent etching — CuSO₄-catalyzed oxidation + 5 wt% HF etching + vacuum-assisted filtration,Not reported,Not reported,Not reported,Not reported,Not reported,Not reported,Not reported,Not reported,Not reported,Not reported,Not applicable,0.1 C; 10 C,"1250 mAh g⁻¹ (at 0.1 C); 330 mAh g⁻¹ (at 10 C) [Li-ion battery anode, activated p-MXene/CNT]",Not applicable,Not applicable
10.1038/nenergy.2017.105,"2017, Lukatskaya et al.",Ti₃C₂Tₓ,Ti₃C₂Tₓ 3D porous film; MXene:PMMA mass ratio 1:4,Template sacrifice — PMMA microspheres + vacuum-assisted filtration + heat treatment at 400°C/Ar/1h,Not reported,Not reported,Not reported,Not reported,Not reported,Not reported,130 µm,Not reported,Not reported,Not reported,10 V s⁻¹; 40 V s⁻¹,Not reported,210 F g⁻¹ (at 10 V s⁻¹); 100 F g⁻¹ (at 40 V s⁻¹),Not reported,Not reported
10.1038/s41586-018-0109-z,"2018, Xia, Mathis, Zhao, Anasori, Gogotsi et al.",Ti₃C₂Tₓ,Ti₃C₂Tₓ + C₁₂E₆ non-ionic surfactant; discotic liquid crystal phase (MXLLC); vertically aligned porous structure,Mechanical shearing of discotic liquid crystal phase MXene (surfactant-assisted vertical alignment),Not reported,Not reported,Not reported,Not reported,Not reported,Not reported,< 200 µm (thickness-independent capacitance below this threshold),Not reported,Not reported,Not reported,2000 mV s⁻¹,Not reported,Not reported,Not reported,> 600 mF cm⁻² (at 2000 mV s⁻¹)
10.1002/adfm.201900326,"2019, Wang et al.",Ti₃C₂Tₓ,Ti₃C₂Tₓ + bacterial cellulose (BC) composite; honeycomb network porous structure,Vacuum-assisted filtration + freeze-drying (ice crystal sublimation creates high-porosity stable pore structure),Not reported,Not reported,Not reported,High (qualitative); exact % not reported,Not reported,Not reported,Not reported,Not reported,Not reported,Not reported,Not reported,Not reported,416 F g⁻¹,Not reported,2084 mF cm⁻²
10.1039/c6ra27880a,"2017, Xia et al.",Ti₃C₂Tₓ,"NiO nanosheets on derived TiO₂/C-Ti₃C₂Tₓ MXene; –OH, –F, =O terminations; Ni²⁺ active sites",HF etching of Ti₃AlC₂ MAX + DMSO exfoliation; hydrothermal Ni(OH)₂ growth at 90°C for 4h; annealing at 400°C for 1h to form NiO,Multilayer (~10–70 layers),Not reported,Not reported,Not reported,21.1 nm,Not reported,Not reported,Not reported,1 M KOH (aqueous),77.5 m² g⁻¹,10 mV s⁻¹,1 A g⁻¹,60.7 mA h g⁻¹,92.0 mA h cm⁻³,Not reported
10.1039/c6ra27880a,"2017, Xia et al.",Ti₃C₂Tₓ,"Pristine Ti₃C₂ with –OH, –F, =O surface terminations; Ti:C:O:F = 27:15:11:10 (atomic ratio)",HF etching (50 wt%) of Ti₃AlC₂ MAX at room temperature for 24h; DMSO intercalation and sonication exfoliation,Multilayer (~10–70 layers),Not reported,Not reported,Not reported,24.1 nm,Not reported,40–220 nm (sheet thickness from FESEM),Not reported,1 M KOH (aqueous),10.0 m² g⁻¹,10 mV s⁻¹,1 A g⁻¹,8.2 mA h g⁻¹,Not reported,Not reported
10.1002/celc.202100558,"2021, Abdolhosseinzadeh et al.",Ti3C2Tx,"Ti3C2 with -O, -OH, -F terminations","MILD (LiF/HCl etching), 24h RT",Single/few-layer (delaminated),Not reported,Large lateral size (not quantified),"~0% (pristine, no urea)","10-70 nm (mesoporous, BJH)",Not reported,Not reported,Not reported,H2SO4-PVA gel,10.5 m2/g,5 mV/s,0.35-5 mA/cm2,153 F/g,Not reported,193 mF/cm2
10.1002/celc.202100558,"2021, Abdolhosseinzadeh et al.",Ti3C2Tx,"Ti3C2 with -O, -OH, -F terminations",MILD (LiF/HCl etching) + 3.5 wt% urea space-holder,Single/few-layer (delaminated),Not reported,Large lateral size (not quantified),Not reported,"10-70 nm (mesoporous, BJH)",Not reported,Not reported,Not reported,H2SO4-PVA gel,24.3 m2/g,5 mV/s,0.35-5 mA/cm2,Not reported,Not reported,Not reported
10.1002/celc.202100558,"2021, Abdolhosseinzadeh et al.",Ti3C2Tx,"Ti3C2 with -O, -OH, -F terminations",MILD (LiF/HCl etching) + 4.5 wt% urea space-holder,Single/few-layer (delaminated),Not reported,Large lateral size (not quantified),~72% (optimum),"10-70 nm (mesoporous, BJH)",Not reported,Not reported,Not reported,H2SO4-PVA gel,62.1 m2/g,5 mV/s,0.35-5 mA/cm2,192 F/g,Not reported,241 mF/cm2
10.1002/celc.202100558,"2021, Abdolhosseinzadeh et al.",Ti3C2Tx,"Ti3C2 with -O, -OH, -F terminations",MILD (LiF/HCl etching) + 6.5 wt% urea space-holder,Single/few-layer (delaminated),Not reported,Large lateral size (not quantified),~80% (maximum),"10-70 nm (mesoporous, BJH)",Not reported,Not reported,Not reported,H2SO4-PVA gel,95.6 m2/g,5 mV/s,0.35-5 mA/cm2,110 F/g,Not reported,138 mF/cm2
10.1039/d6ta00010j,2026; Zhao et al.,Ti3C2Tx,"Ti3C2 with -F, -O, -OH surface terminations","LiF/HCl selective etching (MILD); 2g LiF in 40 mL 6M HCl; 45°C, 72 h; ultrasonication + centrifugation at 3500 rpm",Few-layer / delaminated,Not reported (exact value in SI Fig. S9; (002) peak at ~6.5° after etching),<1 µm,Not reported,Not reported,Not reported,5.3 µm,Not reported (mass loading specified only for MPH10 flexible device electrodes),"1 M H2SO4 (liquid, conventional two-electrode)",4.79 m² g⁻¹,Not reported,Not reported,Not reported (baseline reference only),Not reported,Not reported
10.1039/d6ta00010j,2026; Zhao et al.,Ti3C2Tx,"Ti3C2 with -F, -O, -OH; partially reduced by hydrazine; N incorporated (XPS 400.7 eV); C/O ratio 1.72, Ti/O ratio 1.19","LiF/HCl etching + vacuum filtration + hydrazine foaming (5 µL cm⁻², 90°C, 3 h); no PVA",Few-layer; 3D porous foam,Not reported (little shift from MXene film; foaming does not affect layer spacing per XRD Fig. 3a),<1 µm,Not reported (%); macropores and mesopores coexist (type-IV isotherm with hysteresis),Not reported (pore size distribution in SI; macropores >2 µm qualitatively noted),Not reported,129.1 µm (~24.3× expansion from 5.3 µm film),Not reported (mass loading specified only for MPH10 flexible device electrodes),"1 M H2SO4 (liquid, conventional two-electrode)",7.42 m² g⁻¹,5 mV s⁻¹ (highest Cg among MHx series),0.5 A g⁻¹,Highest among MHx (exact value not stated in main text),Not reported,Not reported
10.1039/d6ta00010j,2026; Zhao et al.,Ti3C2Tx,"Ti3C2Tx with PVA (10 wt%) intercalated; -OH FTIR peak redshifted to 3432 cm⁻¹ confirming H-bonding; C/O 2.26, Ti/O 0.92",LiF/HCl etching + vacuum filtration with 10 wt% PVA; compact layered film (no foaming),Compact layered; PVA inserted between sheets; (002) peak shifted to lower angle vs. MXene film,Increased vs. MXene film (PVA intercalation); exact value in SI Fig. S9,<1 µm,Not reported; dense compact layered structure,Not reported,Not reported,4.8 µm,Not reported (mass loading specified only for MPH10 flexible device electrodes),"1 M H2SO4 (liquid, conventional two-electrode)",Not reported (BET not separately stated for MP10),5 mV s⁻¹,0.5 A g⁻¹,Slightly enhanced vs. MXene film (exact value not stated in main text),Not reported,Not reported
10.1039/d6ta00010j,2026; Zhao et al.,Ti3C2Tx,"Ti3C2Tx with PVA (10 wt%); -OH FTIR peak at 3430 cm⁻¹; N incorporated (XPS 400.7 eV); C/O 3.28, Ti/O 1.21; water contact angle 87.3°","LiF/HCl etching + vacuum filtration with 10 wt% PVA + hydrazine foaming (5 µL cm⁻², 90°C, 3 h)",Few-layer; 3D cross-linked porous foam; macropores >2 µm,Decreased vs. MP10 after foaming (higher-angle (002) shift); exact value in SI Fig. S9,<1 µm,Not reported (%); macropores confirmed; N2 isotherm without hysteresis (macropores dominate),>2 µm (macropores between parallel MXene layers),Not reported,121.8 µm (~25.4× expansion from 4.8 µm MP10 film),1.1 mg cm⁻²,PVA/H2SO4 gel (flexible device); 1 M H2SO4 liquid (conventional); 2 M H2SO4 per Table 1,~4.79 m² g⁻¹ (minor difference from MXene film; BET insensitive to macropores),2 mV s⁻¹ (flexible device); 5 mV s⁻¹ (conventional),2.0 A g⁻¹ (cycle stability test),240.77 F g⁻¹ at 2 mV s⁻¹ (flexible); 237.40 F g⁻¹ at 5 mV s⁻¹ (conventional),"44.06 F cm⁻³ (flexible, single electrode); 43.44 F cm⁻³ (conventional)","264.84 mF cm⁻² (single electrode, flexible device); 261.14 mF cm⁻² (single electrode, conventional); 66.21 mF cm⁻² (full device level, as stated in abstract)"
10.1021/acsaem.9b02259,"2020, Fan et al.",Ti₃C₂Tₓ,"Ti₃C₂ with –OH, –F, =O terminations",LiF/HCl etching + vacuum freeze-drying (aerogel),Monolayer (delaminated),(002) peak of Ti₃AlC₂ shifts to 6.3° 2θ after LiF/HCl etching and freeze-drying (d-spacing value not explicitly stated),Not reported,Not reported,Not reported,Not reported,Not reported,Not reported,"H₂SO₄ (aq., concentration not specified)",185 m² g⁻¹,20 mV s⁻¹ (Figure 5a comparison only),Not reported,Highest among all samples (exact value not reported),Inferior due to low density (exact value not reported),Not reported
10.1021/acsaem.9b02259,"2020, Fan et al.",Ti₃C₂Tₓ,"Ti₃C₂ with –OH, –F, =O terminations",LiF/HCl etching + aerogel mechanically pressed at 10 MPa,Monolayer (delaminated),Not reported,Not reported,Not reported,Not reported,Not reported,Not reported,Not reported,"H₂SO₄ (aq., concentration not specified)",Not reported,20 mV s⁻¹ (Figure 5a comparison only),Not reported,Not reported,Not reported,Not reported
10.1021/acsaem.9b02259,"2020, Fan et al.",Ti₃C₂Tₓ,"Ti₃C₂ with –OH, –F, =O terminations",LiF/HCl etching + aerogel mechanically pressed at 20 MPa,Monolayer (delaminated),Not reported,Not reported,Not reported,Not reported,Not reported,Not reported,Not reported,"H₂SO₄ (aq., concentration not specified)",Not reported,20 mV s⁻¹ (Figure 5a comparison only),Not reported,Not reported,Not reported,Not reported
10.1021/acsaem.9b02259,"2020, Fan et al.",Ti₃C₂Tₓ,"Ti₃C₂ with –OH, –F, =O terminations",LiF/HCl etching + aerogel mechanically pressed at 30 MPa,Monolayer (delaminated),Not reported,Not reported,Not reported,Not reported,Not reported,Not reported,Not reported,"H₂SO₄ (aq., concentration not specified)",45 m² g⁻¹,20 mV s⁻¹ (Figure 5a comparison only),Not reported,Not reported,Not reported,Not reported
10.1021/acsaem.9b02259,"2020, Fan et al.",Ti₃C₂Tₓ,"Ti₃C₂ with –OH, –F, =O terminations",LiF/HCl etching + aerogel mechanically pressed at 40 MPa,Monolayer (delaminated),Not reported,Not reported,Not reported,Not reported,Not reported,Not reported,12.2 mg cm⁻² (high-loading test),"H₂SO₄ (aq., concentration not specified)",38 m² g⁻¹,2–500 mV s⁻¹ (Figure 5b); gravimetric shown at 2–500 mV s⁻¹ (Figure 5e),1–10 A g⁻¹,345 F g⁻¹ at 2 mV s⁻¹; 171 F g⁻¹ at 500 mV s⁻¹,932 F cm⁻³ at 2 mV s⁻¹; 462 F cm⁻³ at 500 mV s⁻¹; 616 F cm⁻³ at 12.2 mg cm⁻²,Not reported
10.1021/acsaem.9b02259,"2020, Fan et al.",Ti₃C₂Tₓ,"Ti₃C₂ with –OH, –F, =O terminations",LiF/HCl etching + aerogel mechanically pressed at 50 MPa,Monolayer (delaminated),Not reported,Not reported,Not reported,Not reported,Not reported,Not reported,Not reported,"H₂SO₄ (aq., concentration not specified)",35 m² g⁻¹,20 mV s⁻¹ (Figure 5a comparison only),Not reported,Not reported,Not reported,Not reported
10.1021/acsaem.9b02259,"2020, Fan et al.",Ti₃C₂Tₓ,"Ti₃C₂ with –OH, –F, =O terminations",LiF/HCl etching + vacuum-assisted filtration (VAF),Monolayer (delaminated),Not reported,Not reported,Not reported,Not reported,Not reported,Not reported,Not reported,"H₂SO₄ (aq., concentration not specified)",2 m² g⁻¹,2–500 mV s⁻¹ (Figure 5c); gravimetric shown at 2–500 mV s⁻¹ (Figure 5e),Not reported,294 F g⁻¹ at 2 mV s⁻¹,Higher than CN-MX40 at scan rates <200 mV s⁻¹; 395 F cm⁻³ at 500 mV s⁻¹,Not reported
10.1002/smll.202202203,"2022, Lv & Zhang et al.",Ti₃C₂Tₓ,"Ti₃C₂ with -O, -OH, -F terminations",LiF/HCl etching of Ti₃AlC₂ MAX phase; probe sonication in ice bath,Monolayer (~1.7 nm thick),"13.4 Å (XRD (002) at 6.3°, pure film)",300–500 nm (SEM),Not reported,Not reported,Not reported,Not reported,~0.16 mg (1×1 mm electrode),1 M H₂SO₄ (aqueous),Not reported,2 mV s⁻¹,Not reported,376 F g⁻¹ at 2 mV s⁻¹; 75.5 F g⁻¹ at 1000 mV s⁻¹,925 F cm⁻³ at 2 mV s⁻¹; 176 F cm⁻³ at 1000 mV s⁻¹,Not reported
10.1002/smll.202202203,"2022, Lv & Zhang et al.",Ti₃C₂Tₓ,"Ti₃C₂ with -O, -OH, -F terminations; PS80 used as sacrificial template","LiF/HCl etching + PS80 templating (6:1 MXene:PS), vacuum filtration, annealing 450 °C under Ar",Monolayer flakes; some regional restacking noted,"15.2 Å (XRD (002) at ~5.8°, after PS assembly)",300–500 nm (SEM),Not reported,~80 nm (matches PS80 template),Not reported,Not reported,~0.16 mg (1×1 mm electrode),1 M H₂SO₄ (aqueous),Not reported,2 mV s⁻¹,Not reported,457 F g⁻¹ at 2 mV s⁻¹; 105 F g⁻¹ at 1000 mV s⁻¹,1089 F cm⁻³ at 2 mV s⁻¹; 246 F cm⁻³ at 1000 mV s⁻¹,Not reported
10.1002/smll.202202203,"2022, Lv & Zhang et al.",Ti₃C₂Tₓ,"Ti₃C₂ with -O, -OH, -F terminations; PS310 template (size matches flakes)","LiF/HCl etching + PS310 templating (6:1 MXene:PS), vacuum filtration, annealing 450 °C under Ar",Monolayer flakes; minimum restacking (optimal template match),"15.2 Å (XRD (002) at 5.8°, confirmed pre- and post-annealing)",300–500 nm (SEM); template 310 nm closely matches,Not reported,~310 nm (matches PS310 template),Not reported,Not reported,~0.16 mg (1×1 mm electrode),1 M H₂SO₄ (aqueous),Not reported,2 mV s⁻¹,1 A g⁻¹,474 ± 12 F g⁻¹ at 2 mV s⁻¹; 115 F g⁻¹ at 1000 mV s⁻¹,1121 F cm⁻³ at 2 mV s⁻¹; 268 F cm⁻³ at 1000 mV s⁻¹,Not reported
10.1002/smll.202202203,"2022, Lv & Zhang et al.",Ti₃C₂Tₓ,"Ti₃C₂ with -O, -OH, -F terminations; PS570 template (oversized vs flakes)","LiF/HCl etching + PS570 templating (6:1 MXene:PS), vacuum filtration, annealing 450 °C under Ar",Monolayer flakes; large pores and thick stacked walls between spheres,Not reported,300–500 nm (SEM); template 570 nm oversized,Not reported,~570 nm (matches PS570 template),Not reported,Not reported,~0.16 mg (1×1 mm electrode),1 M H₂SO₄ (aqueous),Not reported,2 mV s⁻¹,Not reported,424 F g⁻¹ at 2 mV s⁻¹; 98 F g⁻¹ at 1000 mV s⁻¹,810 F cm⁻³ at 2 mV s⁻¹; 140 F cm⁻³ at 1000 mV s⁻¹,Not reported
10.1002/smll.202202203,"2022, Lv & Zhang et al.",Ti₃C₂Tₓ,"Ti₃C₂ with -O, -OH, -F terminations + SWCNT (5 wt%) as conductive spacer","LiF/HCl etching + PS310 templating + SWCNT dispersion (5 wt%, STDC surfactant), vacuum filtration, annealing 450 °C under Ar",Monolayer flakes in foam; CNTs enrich nanosized channels,Not reported,300–500 nm (SEM),Not reported,"~310 nm (PS-templated) + nanosized CNT-induced pores (BET in SI, values not stated)",Not reported,Not reported,~0.16 mg (1×1 mm electrode),1 M H₂SO₄ (aqueous); PVA-H₂SO₄ gel for assembled SC,"Not reported (BET in SI, values not stated in main text)",2 mV s⁻¹,1 A g⁻¹,462 ± 8 F g⁻¹ at 2 mV s⁻¹; 205 F g⁻¹ at 1000 mV s⁻¹ (44% retention),1007 F cm⁻³ at 2 mV s⁻¹; 445 F cm⁻³ at 1000 mV s⁻¹,Not reported
10.1021/acsomega.3c02002,2023; Aravind et al.,Ti₃C₂Tₓ,"Ti₃C₂ with –OH, –F, =O terminations","LiF/HCl (MILD etching) at 45 °C, 24–45 h","Multilayer, delaminated",Larger than HF-etched (exact value not reported),Not reported,Not reported,Not reported,Not reported,Not reported,Not reported,Not reported,Not reported,Not reported,Not reported,Not reported,900 F cm⁻³,Not reported
10.1021/acsomega.3c02002,2023; Aravind et al.,Ti₃C₂Tₓ,Mesoporous Ti₃C₂Tₓ,LiF etching (Zhang et al.),Not reported,Not reported,Not reported,Not reported,Not reported,Not reported,Not reported,Not reported,Not reported,Not reported,Not reported,Not reported,Not reported,2079 F cm⁻³,Not reported
10.1021/acsomega.3c02002,2023; Aravind et al.,Ti₃C₂Tₓ,Ti₃C₂ with –OH and =O terminations; fluorine-free,Alkali etching (1 M NH₄Cl + 0.2 M TMAOH),Single or bilayer,Increased vs HF (exact value not reported),Not reported,Not reported,Not reported,Not reported,Not reported,Not reported,Not reported,Not reported,Not reported,2 A g⁻¹,368.1 F g⁻¹,Not reported,Not reported
10.1021/acsomega.3c02002,2023; Aravind et al.,Ti₃C₂Tₓ,Fluoride-free Ti₃C₂Tₓ; anodic decomposition of Al from Ti₃AlC₂,Electrochemical etching (binary aqueous electrolyte); in situ NH₄OH intercalation,Exfoliated sheets,Not reported,Not reported,Not reported,Not reported,Not reported,Not reported,Not reported,Binary aqueous electrolyte,Not reported,10 mV s⁻¹,Not reported,Not reported,439 F cm⁻³,Not reported
10.1021/acsomega.3c02002,2023; Aravind et al.,Ti₃C₂Tₓ,Ti₃C₂ with –Cl and –O terminations; F-free,Electrochemical etching in mixed LiOH/LiCl (Chen et al.),Not reported,Increased (–Cl large ionic size),Not reported,Not reported,Not reported,Not reported,Not reported,Not reported,LiOH + LiCl,Not reported,Not reported,Not reported,323.7 F g⁻¹,Not reported,Not reported
10.1021/acsomega.3c02002,2023; Aravind et al.,MoN,MoN films,Salt-templated method (bottom-up; Xiao et al.),Film,Not reported,Not reported,Not reported,Not reported,Not reported,Not reported,Not reported,H₂SO₄ (concentration not specified),Not reported,Not reported,Not reported,Not reported,928 F cm⁻³,Not reported
10.1021/acsomega.3c02002,2023; Aravind et al.,Ti₃C₂Tₓ/PVA,Ti₃C₂Tₓ with PVA confinement between flakes,PVA confinement (method not specified),Not reported,Not reported,Not reported,Not reported,Not reported,Not reported,Not reported,Not reported,KOH,Not reported,2 mV s⁻¹,Not reported,Not reported,530 F cm⁻³,Not reported
10.1021/acsomega.3c02002,2023; Aravind et al.,Ti₃C₂Tₓ,Few-layered Ti₃C₂Tₓ in deep eutectic solvents,Water-free etching in deep eutectic solvents at room temperature,Few-layer,Not reported,Not reported,Not reported,Not reported,Not reported,Not reported,Not reported,Not reported,Not reported,2 mV s⁻¹,Not reported,320 F g⁻¹,Not reported,Not reported
10.1021/acsomega.3c02002,2023; Aravind et al.,(Mo₂/₃Y₁/₃)₂C,Mo/Y carbide with in-plane elemental order; from (Mo₂/₃Y₁/₃)₂AlC i-MAX,Etching of i-MAX phase (Al removal; Persson et al.),Film,Not reported,Not reported,Not reported,Not reported,Not reported,1.2 µm,Not reported,1 M KOH,Not reported,2 mV s⁻¹,Not reported,Not reported,1500 F cm⁻³,Not reported
10.1021/acsomega.3c02002,2023; Aravind et al.,Mo₁.₃₃CTₓ,Mo carbide with in-plane vacancy ordering; from (Mo₂/₃Sc₁/₃)₂AlC,HF etching (selective etching of Al and Sc; Halim et al.),Not reported,Not reported,Not reported,Not reported,Not reported,Not reported,2 µm,Not reported,1 M H₂SO₄,Not reported,2 mV s⁻¹,Not reported,Not reported,1100–1308 F cm⁻³,Not reported
10.1002/adfm.202102874,"2021, Wu et al.",Ti3C2Tx,Ti3C2 with surface terminations (Tx); pure nanosheet film,LiF/HCl etching of Ti3AlC2 MAX phase; vacuum filtration,"Multilayer, delaminated",Not reported,Not reported,Low; 15 wt% trapped water,Not reported,High; tortuous ion-transport paths noted,3 µm,1.19 mg cm-2,3 M H2SO4 (aqueous),8.4 m2 g-1,10–2000 mV s-1,Not reported,Not reported,~978 F cm-3 at 10 mV s-1; ~10% retention at 2000 mV s-1,Not reported
10.1002/adfm.202102874,"2021, Wu et al.",Ti3C2Tx,Ti3C2Tx nanosheets + 25 wt% Ti3C2Tx microgel,LiF/HCl etching; microgel reassembly by vacuum filtration,"Multilayer, delaminated",Not reported,Not reported,Not reported,Not reported,Not reported,Not reported,Not reported,3 M H2SO4 (aqueous),Not reported,10–2000 mV s-1,Not reported,Not reported,~200 F cm-3 at 2000 mV s-1; ~30% retention,Not reported
10.1002/adfm.202102874,"2021, Wu et al.",Ti3C2Tx,Ti3C2Tx nanosheets + 50 wt% Ti3C2Tx microgel; mesopore-rich film,LiF/HCl etching; microgel reassembly by vacuum filtration,"Multilayer, delaminated",Not reported,Not reported,61 wt% trapped water; mesopore-dominated,3–5 nm,Reduced vs. Ti3C2Tx film; relaxation time 200 ms,3.5 µm,1.16 mg cm-2,3 M H2SO4 (aqueous),~33 m2 g-1 (from Fig. 2g),10–2000 mV s-1,2 A g-1 (flexible device GCD),~300 F g-1 at 2000 mV s-1,978 F cm-3 at 10 mV s-1; 736 F cm-3 at 2000 mV s-1 (75% retention),Not reported
10.1002/adfm.202102874,"2021, Wu et al.",Ti3C2Tx,Ti3C2Tx nanosheets + 75 wt% Ti3C2Tx microgel,LiF/HCl etching; microgel reassembly by vacuum filtration,"Multilayer, delaminated",Not reported,Not reported,Not reported,3–5 nm,Not reported,Not reported,Not reported,3 M H2SO4 (aqueous),~50 m2 g-1 (from Fig. 2g),10–2000 mV s-1,Not reported,~300 F g-1 at 2000 mV s-1,<736 F cm-3 at 2000 mV s-1; slightly below RAMX-50%,Not reported
10.1002/adfm.202102874,"2021, Wu et al.",Ti3C2Tx,100% Ti3C2Tx microgel with ~5 wt% rGO (from hydrogel crosslinking),LiF/HCl etching; GO-assisted gelation; probe sonication to form microgel; vacuum filtration,3D crosslinked multilayer,Decreased significantly after vacuum drying (exact value not reported),~570 nm average microgel particle diameter,Highest among all films,3–5 nm,Not reported,Not reported,Not reported,3 M H2SO4 (aqueous),65.4 m2 g-1,10–2000 mV s-1,Not reported,~300 F g-1 at 2000 mV s-1,Lowest volumetric at 2000 mV s-1 due to low density (~2.6 g cm-3),Not reported
10.1002/smll.201802225,"2018, Wang, Qin et al.",Ti3C2Tx,"Ti3C2 with -F, -O, -OH terminations",MILD (LiF/HCl etching + delamination),Delaminated (single/few-layer),Not reported,Not reported,Not reported,Not reported,Not reported,120 µm (yarn diameter),97.4 wt%,3 M H2SO4,Not reported,5 mV s-1,2 mA cm-2,428 F g-1,1083 F cm-3,3188 mF cm-2
10.1002/smll.201802225,"2018, Wang, Qin et al.",Ti3C2Tx,"Ti3C2 with -F, -O, -OH terminations",MILD (LiF/HCl etching + delamination),Delaminated (single/few-layer),Not reported,Not reported,Not reported,Not reported,Not reported,Not reported,86.2 wt%,3 M H2SO4,Not reported,5 mV s-1,2 mA cm-2,Not reported,Not reported,Not reported
10.1002/smll.201802225,"2018, Wang, Qin et al.",Ti3C2Tx,"Ti3C2 with -F, -O, -OH terminations",MILD (LiF/HCl etching + delamination),Delaminated (single/few-layer),Not reported,Not reported,Not reported,Not reported,Not reported,Not reported,69.2 wt%,3 M H2SO4,Not reported,5 mV s-1,2 mA cm-2,Not reported,Not reported,Not reported
10.2139/ssrn.4354743,2023; Liu et al.,Ti₃C₂Tₓ,"Ti₃C₂ with –OH, –F, =O terminations",LiF/HCl etching (MILD); vacuum filtered layered film,Few-layer (~1.3 nm single layer by TEM),1.10 nm,1 µm,Not reported,2–4 nm (mesopore; no micropores),Not reported,Not reported,Not reported,3 M H₂SO₄,17.8 m² g⁻¹,2 mV s⁻¹,1 A g⁻¹,258 F g⁻¹,Not reported,Not reported
10.2139/ssrn.4354743,2023; Liu et al.,Ti₃C₂Tₓ,"Ti₃C₂ with –OH, –F, =O terminations",LiF/HCl etching + Na⁺ ion-assisted 3D porous assembly,Not reported,1.06 nm,19 µm (agglomerated nanoparticles),Not reported,2–4 nm + ~20 nm mesopores; weak micropore at 1.2 nm,Not reported,Not reported,Not reported,3 M H₂SO₄,25.4 m² g⁻¹,2 mV s⁻¹,1 A g⁻¹,293 F g⁻¹,Not reported,Not reported
10.2139/ssrn.4354743,2023; Liu et al.,Ti₃C₂Tₓ,"Ti₃C₂ with –OH, –F, =O terminations",LiF/HCl etching + Mg²⁺ ion-assisted 3D porous assembly,Not reported,1.43 nm,54 µm (agglomerated nanoparticles),Not reported,5–10 nm mesopores; enhanced micropore at 1.2 nm,Not reported,Not reported,Not reported,3 M H₂SO₄,33.0 m² g⁻¹,2 mV s⁻¹,1 A g⁻¹,420 F g⁻¹,Not reported,Not reported
10.2139/ssrn.4354743,2023; Liu et al.,Ti₃C₂Tₓ,"Ti₃C₂ with –OH, –F, =O terminations",LiF/HCl etching + Al³⁺ ion-assisted 3D porous assembly,Not reported,1.36 nm,200 µm (agglomerated nanoparticles),Not reported,2–4 nm + ~20 nm mesopores; no micropores,Not reported,Not reported,Not reported,3 M H₂SO₄,43.7 m² g⁻¹,2 mV s⁻¹,1 A g⁻¹,288 F g⁻¹,Not reported,Not reported
10.1088/2515-7639/ab78f1,"Tontini et al., 2020",Ti₃C₂Tₓ,"Ti₃C₂ with –OH, –F, =O terminations",Delamination + vacuum filtration,Not reported,Not reported,Not reported,Not reported,Not reported,Not reported,Not reported,Not reported,Not reported,Not reported,Not reported,1C / 36C,410 mAh g⁻¹ (1C); 110 mAh g⁻¹ (36C),Not reported,Not reported
10.1088/2515-7639/ab78f1,"Tontini et al., 2020",Ti₃C₂Tₓ,Ti₃C₂ with surface terminations,Not reported,Multilayer,Not reported,Not reported,Not reported,Not reported,Not reported,Not reported,Not reported,Not reported,Not reported,Not reported,0.2 A g⁻¹,203 mAh g⁻¹,Not reported,Not reported
10.1088/2515-7639/ab78f1,"Tontini et al., 2020",N-Ti₃C₂Tₓ/S,Ti₃C₂ with surface terminations (fluorine-free),Fluorine-free synthesis (alkali treatment),Multilayer,Not reported,Not reported,Not reported,Not reported,Not reported,Not reported,Not reported,Not reported,Not reported,Not reported,20 mA g⁻¹ / 5 A g⁻¹,175 mAh g⁻¹ (20 mA g⁻¹); 60 mAh g⁻¹ (5 A g⁻¹),Not reported,Not reported
10.1088/2515-7639/ab78f1,"Tontini et al., 2020",Ti₃C₂Tₓ/S,Ti₃C₂ with N-doping and sulfur composite,Acid/alkali crumpling + sulfur compositing,Not reported,Not reported,Not reported,Not reported,Not reported,Not reported,Not reported,5.1 mg cm⁻²,Not reported,Not reported,Not reported,0.2C / 2C,585 mAh g⁻¹ (0.2C); 418 mAh g⁻¹ (2C),Not reported,Not reported
10.1088/2515-7639/ab78f1,"Tontini et al., 2020",Ti₃C₂Tₓ,Ti₃C₂ crumpled via HCl,HCl acid-induced crumpling,Not reported,Not reported,Not reported,Not reported,Not reported,Not reported,Not reported,Not reported,Not reported,Not reported,Not reported,20 mA g⁻¹ / 0.5 A g⁻¹,250 mAh g⁻¹ (20 mA g⁻¹); 120 mAh g⁻¹ (0.5 A g⁻¹),Not reported,Not reported
10.1088/2515-7639/ab78f1,"Tontini et al., 2020",Ti₃C₂Tₓ,Ti₃C₂ crumpled via LiOH,LiOH-induced crumpling,Not reported,Not reported,Not reported,Not reported,Not reported,Not reported,Not reported,Not reported,Not reported,Not reported,Not reported,0.1 A g⁻¹ / 1.0 A g⁻¹,157 mAh g⁻¹ (0.1 A g⁻¹); 238 mAh g⁻¹ (1.0 A g⁻¹),Not reported,Not reported
10.1088/2515-7639/ab78f1,"Tontini et al., 2020",Ti₃C₂Tₓ,Ti₃C₂ crumpled via NaOH,NaOH-induced crumpling,Not reported,Not reported,Not reported,Not reported,Not reported,Not reported,Not reported,Not reported,Not reported,Not reported,Not reported,0.1 A g⁻¹ / 1.0 A g⁻¹,130 mAh g⁻¹ (0.1 A g⁻¹); 61 mAh g⁻¹ (1.0 A g⁻¹),Not reported,Not reported
10.1088/2515-7639/ab78f1,"Tontini et al., 2020",Ti₃C₂Tₓ,Ti₃C₂ crumpled via KOH,KOH-induced crumpling,Not reported,Not reported,Not reported,Not reported,Not reported,Not reported,Not reported,Not reported,Not reported,Not reported,Not reported,0.1 A g⁻¹ / 1.0 A g⁻¹,45 mAh g⁻¹ (0.1 A g⁻¹); 97 mAh g⁻¹ (1.0 A g⁻¹),Not reported,Not reported
10.1088/2515-7639/ab78f1,"Tontini et al., 2020",N-Ti₃C₂Tₓ/S,N-doped Ti₃C₂ with sulfur composite,N-doping + acid crumpling + sulfur annealing,Not reported,Not reported,Not reported,Not reported,Not reported,Not reported,Not reported,5.1 mg cm⁻²,Not reported,Not reported,Not reported,0.2C / 2C,1144 mAh g⁻¹ (0.2C); 610 mAh g⁻¹ (2C),Not reported,Not reported
10.1088/2515-7639/ab78f1,"Tontini et al., 2020",Na₀.₂₃TiO₂/Ti₃C₂,Ti₃C₂ with Na₀.₂₃TiO₂ nanobelt composite,In situ hydrothermal,Not reported,Not reported,Not reported,Not reported,Not reported,Not reported,Not reported,Not reported,Not reported,Not reported,Not reported,5 A g⁻¹,178 mAh g⁻¹ (5 A g⁻¹),Not reported,Not reported
10.1088/2515-7639/ab78f1,"Tontini et al., 2020",MoS₂/Ti₃C₂@C,Ti₃C₂ with MoS₂ and amorphous carbon nanoplating,In situ hydrothermal MoS₂ + C nanoplating,Not reported,Not reported,Not reported,Not reported,Not reported,Not reported,Not reported,Not reported,Not reported,Not reported,Not reported,0.2 A g⁻¹ / 20 A g⁻¹,1130 mAh g⁻¹ (0.2 A g⁻¹); 580 mAh g⁻¹ (20 A g⁻¹),Not reported,Not reported
10.1088/2515-7639/ab78f1,"Tontini et al., 2020",CNTs@Ti₃C₂,Ti₃C₂ with in situ grown CNTs,In situ microwave CVD CNT synthesis,Not reported,Not reported,Not reported,Not reported,Not reported,Not reported,Not reported,Not reported,Not reported,Not reported,Not reported,1 A g⁻¹ / 10 A g⁻¹,430 mAh g⁻¹ (1 A g⁻¹); 175 mAh g⁻¹ (10 A g⁻¹),Not reported,Not reported
10.1088/2515-7639/ab78f1,"Tontini et al., 2020",Ti₃C₂(OH)₂,"Ti₃C₂ fluorine-free with –OH terminations, nanoribbon morphology","Fluorine-free hydrothermal (KOH, 180°C)",Not reported,Not reported,~700 nm (wide nanoribbons),Not reported,Not reported,Not reported,Not reported,Not reported,Not reported,Not reported,Not reported,0.1 A g⁻¹,120 mAh g⁻¹ (0.1 A g⁻¹),Not reported,Not reported
10.1088/2515-7639/ab78f1,"Tontini et al., 2020",Ti₃C₂Tₓ (alkalized nanoribbons),Ti₃C₂ alkalized to form nanoribbons with expanded interlayer,KOH alkalization + shaking 72 h,Not reported,Not reported,~700 nm (narrow nanoribbons),Not reported,Not reported,Not reported,Not reported,Not reported,Not reported,Not reported,Not reported,20 mA g⁻¹ / 0.3 A g⁻¹,141 mAh g⁻¹ K-ion (20 mA g⁻¹); 60 mAh g⁻¹ (0.3 A g⁻¹),Not reported,Not reported
10.1088/2515-7639/ab78f1,"Tontini et al., 2020",Ti₃C₂Tₓ/S (alkalized nanoribbons),Ti₃C₂ alkalized nanoribbon framework with sulfur,KOH alkalization + sulfur loading,Not reported,Not reported,Not reported,Not reported,Not reported,Not reported,Not reported,0.7–1 mg cm⁻²,Not reported,Not reported,Not reported,0.5C / 10C,632 mAh g⁻¹ (0.5C); 288 mAh g⁻¹ (10C),Not reported,Not reported
10.1088/2515-7639/ab78f1,"Tontini et al., 2020",Mo₂CTₓ,"Mo₂C with surface terminations, hollow sphere morphology",PMMA sacrificial template + vacuum filtration,Not reported,Not reported,200 nm–2 µm (tunable),Not reported,Not reported,Not reported,Not reported,Not reported,Not reported,Not reported,Not reported,50 mA g⁻¹ / 5 A g⁻¹,370 mAh g⁻¹ (50 mA g⁻¹); 130 mAh g⁻¹ (5 A g⁻¹),Not reported,Not reported
10.1088/2515-7639/ab78f1,"Tontini et al., 2020",Ti₃C₂Tₓ,"Ti₃C₂ with surface terminations, hollow sphere morphology",PMMA sacrificial template + vacuum filtration,Not reported,Not reported,200 nm–2 µm (tunable),Not reported,Not reported,Not reported,Not reported,Not reported,Not reported,Not reported,Not reported,50 mA g⁻¹ / 5 A g⁻¹,330 mAh g⁻¹ (50 mA g⁻¹); 124 mAh g⁻¹ (5 A g⁻¹),Not reported,Not reported
10.1088/2515-7639/ab78f1,"Tontini et al., 2020",V₂CTₓ,"V₂C with surface terminations, hollow sphere morphology",PMMA sacrificial template + vacuum filtration,Not reported,Not reported,200 nm–2 µm (tunable),Not reported,Not reported,Not reported,Not reported,Not reported,Not reported,Not reported,Not reported,50 mA g⁻¹ / 5 A g⁻¹,340 mAh g⁻¹ (50 mA g⁻¹); 174 mAh g⁻¹ (5 A g⁻¹),Not reported,Not reported
10.1088/2515-7639/ab78f1,"Tontini et al., 2020",Ti₃C₂/rGO,"Ti₃C₂ with reduced graphene oxide, macroporous foam",Ti₃C₂/GO hydrazine vapor reduction + annealing,Not reported,Not reported,Not reported,Not reported,Not reported,Not reported,Not reported,Not reported,Not reported,Not reported,Not reported,50 mA g⁻¹ / 4 A g⁻¹,336 mAh g⁻¹ (50 mA g⁻¹); 99 mAh g⁻¹ (4 A g⁻¹),Not reported,Not reported
10.1088/2515-7639/ab78f1,"Tontini et al., 2020",Ti₃C₂Tₓ,"Ti₃C₂ with –OH, –F, =O terminations, ultra-thin film",Delamination + vacuum filtration,Not reported,Not reported,Not reported,Not reported,Not reported,Not reported,90 nm,Not reported,3 M H₂SO₄,Not reported,10 mV s⁻¹,Not reported,450 F g⁻¹,Not reported,Not reported
10.1088/2515-7639/ab78f1,"Tontini et al., 2020",Ti₃C₂Tₓ,"Ti₃C₂ clay, rolled compact film",Rolling of MXene-clay,Not reported,Not reported,Not reported,Not reported,Not reported,Not reported,5 µm,Not reported,1 M H₂SO₄,Not reported,2 mV s⁻¹,Not reported,246 F g⁻¹,Not reported,Not reported
10.1088/2515-7639/ab78f1,"Tontini et al., 2020",Ti₃C₂Tₓ,"Ti₃C₂ clay, rolled compact film",Rolling of MXene-clay,Not reported,Not reported,Not reported,Not reported,Not reported,Not reported,30 µm,Not reported,1 M H₂SO₄,Not reported,2 mV s⁻¹,Not reported,182 F g⁻¹,Not reported,Not reported
10.1088/2515-7639/ab78f1,"Tontini et al., 2020",Ti₃C₂Tₓ,"Ti₃C₂ clay, rolled compact film",Rolling of MXene-clay,Not reported,Not reported,Not reported,Not reported,Not reported,Not reported,75 µm,Not reported,1 M H₂SO₄,Not reported,2 mV s⁻¹,Not reported,161 F g⁻¹,Not reported,Not reported
10.1088/2515-7639/ab78f1,"Tontini et al., 2020",Ti₃C₂Tₓ,Ti₃C₂ porous particles with carbon black,Low-concentration freeze-drying + slurry,Not reported,Not reported,Not reported,Not reported,Not reported,Not reported,4 µm,1 mg cm⁻²,1 M NaCl / 6 M KOH,Not reported,5 mV s⁻¹,Not reported,156 F g⁻¹ (NaCl); 205 F g⁻¹ (KOH),Not reported,Not reported
10.1088/2515-7639/ab78f1,"Tontini et al., 2020",Ti₃C₂Tₓ,"Ti₃C₂ hollow spheres, macroporous film",PMMA sacrificial template + vacuum filtration,Not reported,Not reported,200 nm–2 µm,Not reported,Not reported,Not reported,13 µm,0.43 mg cm⁻²,3 M H₂SO₄,Not reported,10 mV s⁻¹,Not reported,316 F g⁻¹,Not reported,Not reported
10.1088/2515-7639/ab78f1,"Tontini et al., 2020",Ti₃C₂Tₓ,"Ti₃C₂ hollow spheres, macroporous film",PMMA sacrificial template + vacuum filtration,Not reported,Not reported,200 nm–2 µm,Not reported,Not reported,Not reported,25 µm,0.9 mg cm⁻²,3 M H₂SO₄,Not reported,10 mV s⁻¹,Not reported,314 F g⁻¹,Not reported,Not reported
10.1088/2515-7639/ab78f1,"Tontini et al., 2020",Ti₃C₂Tₓ,"Ti₃C₂ hollow spheres, macroporous film",PMMA sacrificial template + vacuum filtration,Not reported,Not reported,200 nm–2 µm,Not reported,Not reported,Not reported,180 µm,4.3 mg cm⁻²,3 M H₂SO₄,Not reported,10 mV s⁻¹,Not reported,310 F g⁻¹,Not reported,Not reported
10.1088/2515-7639/ab78f1,"Tontini et al., 2020",Mo₂CTₓ,"Mo₂C hollow spheres, macroporous film",PMMA sacrificial template + vacuum filtration,Not reported,Not reported,200 nm–2 µm,Not reported,Not reported,Not reported,30 µm,0.6 mg cm⁻²,3 M H₂SO₄,Not reported,Not reported,3 mA cm⁻²,160 F g⁻¹,Not reported,Not reported
10.1088/2515-7639/ab78f1,"Tontini et al., 2020",Ti₃C₂Tₓ/Bacterial Cellulose,"Ti₃C₂ with bacterial cellulose, macroporous foam",MXene + bacterial cellulose assembly,Not reported,Not reported,Not reported,Not reported,Not reported,Not reported,Not reported,5 mg cm⁻²,3 M H₂SO₄,Not reported,3 mA cm⁻²,Not reported,416 F g⁻¹,Not reported,2084 mF cm⁻²
10.1088/2515-7639/ab78f1,"Tontini et al., 2020",Ti₃C₂Tₓ,"Ti₃C₂ with EDA functionalization, aerogel",EDA functionalization + freeze-drying,Not reported,Not reported,Not reported,Not reported,Not reported,Not reported,Not reported,2 mg cm⁻²,1 M KOH,176.3 m² g⁻¹,2 mV s⁻¹,Not reported,87 F g⁻¹,Not reported,Not reported
10.1088/2515-7639/ab78f1,"Tontini et al., 2020",Ti₃C₂Tₓ,"Ti₃C₂ with EDA functionalization, aerogel",EDA functionalization + freeze-drying,Not reported,Not reported,Not reported,Not reported,Not reported,Not reported,Not reported,15 mg cm⁻²,1 M KOH,Not reported,2 mV s⁻¹,Not reported,68 F g⁻¹,Not reported,Not reported
10.1088/2515-7639/ab78f1,"Tontini et al., 2020",Ti₃C₂Tₓ,Ti₃C₂ freeze-cast aerogel,Uncontrolled freeze-casting,Not reported,Not reported,Not reported,Not reported,Not reported,Not reported,Not reported,Not reported,1 M Na₂SO₄,Not reported,2 mV s⁻¹,Not reported,67 F g⁻¹,Not reported,Not reported
10.1088/2515-7639/ab78f1,"Tontini et al., 2020",Ti₃C₂Tₓ/NiO,"Ti₃C₂ with 50 wt% NiO, freeze-cast composite aerogel",Freeze-casting + NiO composite,Not reported,Not reported,Not reported,Not reported,Not reported,Not reported,Not reported,Not reported,1 M Na₂SO₄,Not reported,2 mV s⁻¹,Not reported,77 F g⁻¹,Not reported,Not reported
10.1088/2515-7639/ab78f1,"Tontini et al., 2020",Ti₃C₂Tₓ,"Ti₃C₂ with thiourea dioxide/NH₃ functionalization, aerogel; density ~27 mg cm⁻³",Thiox + ammonia functionalization + freeze-drying,Not reported,Not reported,Not reported,Not reported,Not reported,Not reported,Not reported,0.14 mg cm⁻²,3 M H₂SO₄,Not reported,10 mV s⁻¹,Not reported,438 F g⁻¹,Not reported,Not reported
10.1088/2515-7639/ab78f1,"Tontini et al., 2020",Ti₃C₂Tₓ,"Ti₃C₂ with thiourea dioxide/NH₃ functionalization, aerogel; high mass loading",Thiox + ammonia functionalization + freeze-drying,Not reported,Not reported,Not reported,Not reported,Not reported,Not reported,Not reported,1.82 mg cm⁻²,3 M H₂SO₄,Not reported,10 mV s⁻¹,Not reported,427 F g⁻¹,Not reported,Not reported
10.1088/2515-7639/ab78f1,"Tontini et al., 2020",Ti₃C₂Tₓ,"Ti₃C₂ with Fe²⁺ cation-induced gelation, freeze-dried aerogel",Fe²⁺ cation-induced gelation + freeze-drying,Not reported,Not reported,Not reported,Not reported,Not reported,Not reported,Not reported,Not reported,3 M H₂SO₄,27 m² g⁻¹,Not reported,Not reported,272 F g⁻¹,Not reported,Not reported
10.1088/2515-7639/ab78f1,"Tontini et al., 2020",Ti₃C₂Tₓ,Ti₃C₂ unidirectional freeze-cast aerogel; porosity >99%,Unidirectional freeze-casting (5°C min⁻¹ to −70°C),Not reported,Not reported,Not reported,>99%,Lamellar spacing 28–48 µm,Not reported,10 mm,Not reported,3 M H₂SO₄,Not reported,10 mV s⁻¹,Not reported,282 F g⁻¹,3 F cm⁻³,Not reported
10.1088/2515-7639/ab78f1,"Tontini et al., 2020",Ti₃C₂Tₓ,"Ti₃C₂ rolled freeze-cast aerogel, high density (~1 g cm⁻³)",Unidirectional freeze-casting + calendaring,Not reported,Not reported,Not reported,Not reported,~1 µm (accessible pores),Not reported,60 µm,Not reported,3 M H₂SO₄,Not reported,10 mV s⁻¹,Not reported,315 F g⁻¹,323 F cm⁻³,Not reported
10.1088/2515-7639/ab78f1,"Tontini et al., 2020",Ti₃C₂Tₓ,"Ti₃C₂ rolled freeze-cast aerogel, low density (0.434 g cm⁻³)",Unidirectional freeze-casting + calendaring (slice),Not reported,Not reported,Not reported,Not reported,~1 µm (accessible pores),Not reported,60 µm,Not reported,3 M H₂SO₄,Not reported,10 mV s⁻¹,Not reported,421 F g⁻¹,183 F cm⁻³,Not reported
10.1088/2515-7639/ab78f1,"Tontini et al., 2020",Ti₃C₂Tₓ,"Ti₃C₂ vertically aligned array on Cu, all-solid-state supercapacitor",Concentrated HF etching + Cu sacrificial template + KOH treatment,Accordion-like multilayer,Expanded via KOH treatment,Not reported,Not reported,Not reported,Not reported,5 µm,Not reported,PVA-H₃PO₄,Not reported,Not reported,Not reported,485 F g⁻¹,Not reported,Not reported
10.1088/2515-7639/ab78f1,"Tontini et al., 2020",Ti₃C₂Tₓ,"Ti₃C₂ vertically aligned array on Cu, all-solid-state supercapacitor",Concentrated HF etching + Cu sacrificial template + KOH treatment,Accordion-like multilayer,Expanded via KOH treatment,Not reported,Not reported,Not reported,Not reported,50 µm,Not reported,PVA-H₃PO₄,Not reported,Not reported,Not reported,354 F g⁻¹,Not reported,Not reported
10.1088/2515-7639/ab78f1,"Tontini et al., 2020",Ti₃C₂Tₓ/rGO,"Ti₃C₂ with rGO, self-healing freeze-cast aerogel MSC; density 0.012 g cm⁻³",rGO composite + freeze-casting + polyurethane matrix,Not reported,Not reported,Not reported,Not reported,Not reported,Not reported,Not reported,Not reported,PVA-H₂SO₄,Not reported,Not reported,Not reported,Not reported,Not reported,34.6 mF cm⁻²
10.1088/2515-7639/ab78f1,"Tontini et al., 2020",N-Ti₃C₂Tₓ/AC/CNT/GO,"N-doped Ti₃C₂ with activated carbon, CNTs, GO composite ink",N-doped MXene + extrusion 3D printing + freeze-drying,Not reported,Not reported,Not reported,Not reported,Not reported,Not reported,1.65 mm (1 layer),21.67 mg cm⁻²,PVA-H₂SO₄,Not reported,Not reported,Not reported,142 F g⁻¹,Not reported,142 mF cm⁻²
10.1088/2515-7639/ab78f1,"Tontini et al., 2020",N-Ti₃C₂Tₓ/AC/CNT/GO,"N-doped Ti₃C₂ with activated carbon, CNTs, GO composite ink",N-doped MXene + extrusion 3D printing + freeze-drying,Not reported,Not reported,Not reported,Not reported,Not reported,Not reported,3.3 mm (2 layers),42.25 mg cm⁻²,PVA-H₂SO₄,Not reported,Not reported,Not reported,120 F g⁻¹,Not reported,Not reported
10.1088/2515-7639/ab78f1,"Tontini et al., 2020",Ti₃C₂Tₓ,"Ti₃C₂ additive-free, 3D printed freestanding MSC; flake size 8 µm, 1–3 layers",Additive-free extrusion 3D printing (250–330 µm nozzle) + freeze-drying,1–3 layers,Not reported,8 µm (average lateral size),Not reported,Not reported,Not reported,Not reported,8.5 mg cm⁻²,PVA-H₂SO₄,177 m² g⁻¹,1.7 mA cm⁻²,Not reported,242 F g⁻¹,Not reported,2100 mF cm⁻²
10.1021/acsenergylett.8b00718,2018; Yu et al.,Ti₃C₂Tₓ,Ti₃C₂ with surface terminations (Tₓ),Colloidal solution synthesis (ref. Alhabeb et al. 2017),Delaminated nanosheets; no explicit count,(002) peak at 2θ = 7.24°; d-spacing value not explicitly calculated,1–3 µm,Not reported,Not reported,Not reported,Not reported,Not reported,1 mol L⁻¹ Et₄NBF₄/AN,4.66 m² g⁻¹,10 mV s⁻¹,0.1 A g⁻¹,17 F g⁻¹,Not reported,Not reported
10.1021/acsenergylett.8b00718,2018; Yu et al.,Not applicable,AC (80 wt%) + carbon black (10 wt%) + PVDF (10 wt%) on Al foil,Slurry coating on aluminum foil current collector,Not applicable,Not applicable,AC particle size 10–20 µm,Not reported,1–3 nm,Not reported,~24 µm,Not reported,1 mol L⁻¹ Et₄NBF₄/AN,1607 m² g⁻¹,10 mV s⁻¹,0.1 A g⁻¹,124 F g⁻¹,39 F cm⁻³,Not reported
10.1021/acsenergylett.8b00718,2018; Yu et al.,Ti₃C₂Tₓ,"AC + Ti₃C₂Tₓ MXene, mass ratio AC:MXene = 1:1",Vacuum-assisted filtration of AC + MXene aqueous dispersion,"Delaminated, lamellar; no explicit count",Increased vs. pure MXene; (002) shifts to smaller 2θ; exact value not reported,1–3 µm (MXene lateral size),Not reported,1–3 nm,Not reported,~20 µm,Not reported,1 mol L⁻¹ Et₄NBF₄/AN,Not reported,10 mV s⁻¹,0.1 A g⁻¹,88 F g⁻¹,Not reported,Not reported
10.1021/acsenergylett.8b00718,2018; Yu et al.,Ti₃C₂Tₓ,"AC + Ti₃C₂Tₓ MXene, mass ratio AC:MXene = 2:1",Vacuum-assisted filtration of AC + MXene aqueous dispersion,"Delaminated, lamellar; no explicit count",Increased vs. pure MXene; (002) shifts to smaller 2θ; exact value not reported,1–3 µm (MXene lateral size),Not reported,1–3 nm,Not reported,~26 µm,Not reported,1 mol L⁻¹ Et₄NBF₄/AN,Not reported,10 mV s⁻¹,0.1 A g⁻¹,126 F g⁻¹,38 F cm⁻³,Not reported
10.1021/acsenergylett.8b00718,2018; Yu et al.,Ti₃C₂Tₓ,"AC + Ti₃C₂Tₓ MXene, mass ratio AC:MXene = 4:1",Vacuum-assisted filtration of AC + MXene aqueous dispersion,"Delaminated, lamellar; no explicit count",Largest shift among AC/MXene films; exact value not reported,1–3 µm (MXene lateral size),Not reported,1–3 nm,Not reported,~30 µm,Not reported,1 mol L⁻¹ Et₄NBF₄/AN,2090 m² g⁻¹,10 mV s⁻¹,0.1 A g⁻¹,138 F g⁻¹,37 F cm⁻³,Not reported