search_id,row_index,DOI,Year & Author,Mxene formula,Composition,Synthesis method,Layer No,Interlayer spacing (d),Flake Size,Porosity,Pore Diameter,Tortuosity,Electrode Thickness,Mass Loading,Electrolyte,SSA,Scan Rate,Current Density,Gravimetric Capacitance,Volumetric Capacitance,Areal Capacitance
1,6,10.1021/acsami.1c00724,"2021, Wen et al.",Ti3C2Tx,"Ti3C2 with -OH, -F, =O, -Cl terminations","LiF/HCl etching (MILD), 40°C, 24 h",Few-layer / single-layer,15 Å,100-350 nm,,,,187 nm,,1 M Na2SO4 (aqueous),,5 mV/s,,,,1225 µF cm-2
1,7,10.1021/acsami.1c00724,"2021, Wen et al.",Ti3C2Tx,"Ti3C2 with -OH, -F, =O, -Cl terminations","LiF/HCl etching (MILD), 40°C, 24 h",Few-layer / single-layer,15 Å,100-350 nm,,,,104 nm,,1 M Na2SO4 (aqueous),,5 mV/s,,,,~400 µF cm-2
1,8,10.1021/acsami.1c00724,"2021, Wen et al.",Ti3C2Tx,"Ti3C2 with -OH, -F, =O, -Cl terminations","LiF/HCl etching (MILD), 40°C, 24 h",Few-layer / single-layer,15 Å,100-350 nm,,,,78 nm,,1 M Na2SO4 (aqueous),,5 mV/s,,,,~250 µF cm-2
1,9,10.1021/acsami.1c00724,"2021, Wen et al.",Ti3C2Tx,"Ti3C2 with -OH, -F, =O, -Cl terminations","LiF/HCl etching (MILD), 40°C, 24 h",Few-layer / single-layer,15 Å,100-350 nm,,,,44 nm,,1 M Na2SO4 (aqueous),,5 mV/s,,,,~200 µF cm-2
1,10,10.1021/acsami.1c00724,"2021, Wen et al.",Ti3C2Tx,"Ti3C2 with -OH, -F, =O, -Cl terminations","LiF/HCl etching (MILD), 40°C, 24 h",Few-layer / single-layer,15 Å,100-350 nm,,,,19 nm,,1 M Na2SO4 (aqueous),,10 mV/s,,,,187.5 µF cm-2
1,11,10.1021/acsami.1c00724,"2021, Wen et al.",Ti3C2Tx,"Ti3C2 with -OH, -F, =O, -Cl terminations","LiF/HCl etching (MILD), 40°C, 24 h",Few-layer / single-layer,15 Å,100-350 nm,,,,,,H3PO4-PVA gel (solid-state),,2 mV/s,,,,192 µF cm-2
1,21,10.1002/aenm.202000681,"2021, Aslam et al.",CT-Ti₃C₂Tₓ (Ti₃C₂Tₓ/CTAB),Ti₃C₂ with pre-intercalated CTAB cationic surfactant,CTAB pre-intercalation,,,,,,,,,APC Mg electrolyte,,,200 mA g⁻¹,,300 mAh cm⁻³ at 50 mA g⁻¹,
1,22,10.1002/aenm.202000681,"2021, Aslam et al.",FL-V₂CTₓ,"V₂C with surface terminations, few-layer",Delamination in 1-methyl-2-pyrrolidinone,Few-layer,,,,,,,,Chloroaluminate ionic liquid,,,200 mA g⁻¹,,,
1,23,10.1002/aenm.202000681,"2021, Aslam et al.",p-Ti₃C₂Tₓ (paper electrode),,LiF/HCl etching + cation pre-intercalation,Multilayer paper,25.4 Å (KOH-intercalated; original 20.3 Å),,,,,2–20 µm,,1 M KOH,,2 mV s⁻¹,,,450 F cm⁻³,
1,24,10.1002/aenm.202000681,"2021, Aslam et al.",Ti₃C₂Tₓ MXLLC,"Ti₃C₂Tₓ with C₁₂E₆ surfactant, vertically aligned liquid crystal film",Liquid crystal shear alignment,,,,,,,40–200 µm,2.60–6.16 mg cm⁻²,H₂SO₄,,≤2000 mV s⁻¹,20 A g⁻¹,,,≥0.6 F cm⁻²
1,26,10.1002/aenm.202000681,"2021, Aslam et al.",Ti₃C₂Tₓ/CF,Ti₃C₂Tₓ ink coated on carbon fiber substrate,Ti₃C₂Tₓ ink coating on carbon fiber,,,,,,,,,1 M H₂SO₄,,100 mV s⁻¹,20 A g⁻¹,350 F g⁻¹,,
1,27,10.1002/advs.202101664,"2021, Huang et al.",Ti₃C₂Tₓ,"Ti₃C₂ with –OH, –F, =O terminations; proton intercalated in H₂SO₄",FAT delamination → unidirectional freezing → thawing in 3 M H₂SO₄,Delaminated (single/few-layer),15.7 Å,~8.0 µm,,,,,~20 mg/mL (slurry conc.),3 M H₂SO₄,,5 mV s⁻¹,,393 F g⁻¹,,
1,28,10.1002/advs.202101664,"2021, Huang et al.",Ti₃C₂Tₓ,"Ti₃C₂ with –OH, –F, =O terminations; no directional alignment",FAT delamination → direct freezing at −20 °C → thawing in 3 M H₂SO₄,Delaminated,,~8.0 µm,,,,,,3 M H₂SO₄,,5 mV s⁻¹,,352.2 F g⁻¹,,
1,29,10.1002/advs.202101664,"2021, Huang et al.",Ti₃C₂Tₓ,"Ti₃C₂ with –OH, –F, =O terminations; post-immersion proton intercalation",FAT delamination → unidirectional freezing → lyophilization → immersion in H₂SO₄,Delaminated,13.8 Å,~8.0 µm,,,,,,3 M H₂SO₄,,5 mV s⁻¹,,323.5 F g⁻¹,,
1,30,10.1002/advs.202101664,"2021, Huang et al.",Ti₃C₂Tₓ,"Ti₃C₂ with –OH, –F, =O terminations; compact self-restacked","FAT delamination → vacuum filtration (cellulose acetate, 3 µm) → vacuum drying",Delaminated (restacked),13.1 Å,~8.0 µm,,,,,,3 M H₂SO₄,,5 mV s⁻¹,,283 F g⁻¹,,
1,31,10.1002/advs.202101664,"2021, Huang et al.",Ti₃C₂Tₓ,"Ti₃C₂ with –OH, –F, =O terminations; honeycomb-like 3D architecture",DIW 3D printing (50 mg/mL ink) → unidirectional freezing → thawing in 3 M H₂SO₄ → PVA/H₂SO₄ gel electrolyte,Delaminated,,~8.0 µm,,,,,5.2 mg cm⁻²,PVA/H₂SO₄ gel,,5 mV s⁻¹,1.2 mA cm⁻²,,,2.0 F cm⁻²
1,32,10.1021/an2c05081,Syamsai et al.,TixTa4-xC3,"Ti-Ta carbide; -F, -OH, =O terminations (HF etching implied)",HF etching of TiTaAlC MAX phase,,,,,,,,1 mg on carbon paper,0.1 M H2SO4 (aq); PVA-H2SO4 gel,,1-100 mV/s,,,,
1,41,10.3390/app14062452,2024; Aleksandrova et al.,Ti3C2Tx,Ti3C2Tx / polyaniline (PANI); PANI in situ polymerized on MXene surface,In situ polymerization of PANI on Ti3C2Tx,Multilayer,,,,,,,,1 M H2SO4,,,,503 F/g (gravimetric); 336 F/g specific,1682 F/cm³,
1,47,10.1039/d0ta00687d,"2020, Qin et al.",Ti₃C₂Tₓ,"Ti₃C₂ with –O, –OH, –F terminations","MILD (LiF/HCl etching of Ti₃AlC₂, manual shaking delamination in DI water)",Single-layer (delaminated),11.6 Å,1–4 µm (pre-sonication); <1 µm (post-sonication),,,,17 nm,,Organic solid ionogel,,2 mV s⁻¹,1 A cm⁻³,,502 F cm⁻³ (at 2 mV s⁻¹); 450 F cm⁻³ (at 1 A cm⁻³),
1,48,10.1039/D0TA01798A,"2020, Pinto et al.",Mo2.7V1.3C3,"Mo-V solid solution double transition metal MXene; =O and -F surface terminations (O=3.69, F=0.92 per formula unit, delaminated film, EDS)","HF etching of Mo2.7V1.3AlC3 MAX (48-51% HF, 50°C, 96 h); TMAOH delamination (0.55 M, 18 h); vacuum filtration on Celgard membrane",Few- to single-layer (delaminated),,325 ± 150 nm,,,,,,1 M H2SO4,,5 mV s⁻¹,,,860 F cm⁻³,
1,49,10.1039/D0TA01798A,"2020, Pinto et al.",Mo2V2C3,"Mo-V solid solution double transition metal MXene; =O and -F surface terminations (O=2.14, F=0.75 per formula unit, delaminated film, EDS)","HF etching of Mo2V2AlC3 MAX (48-51% HF, 50°C, 96 h); TMAOH delamination (0.55 M, 18 h); vacuum filtration on Celgard membrane",Few- to single-layer (delaminated),,340 ± 130 nm,,,,,,1 M H2SO4,,5 mV s⁻¹,,,680 F cm⁻³,
1,50,10.1039/D0TA01798A,"2020, Pinto et al.",MoV3C3,,"HF etching of MoV3AlC3 MAX (48-51% HF, 50°C, 96 h); TMAOH delamination (0.85 M, 18 h); vacuum filtration on Celgard membrane",Few- to single-layer (delaminated),,165 ± 95 nm,,,,,,1 M H2SO4,,5 mV s⁻¹,,,450 F cm⁻³,
1,51,10.1039/d2ta08995e,"2023, Inman et al.",Ti₃C₂Tₓ,"Ti₃C₂ with –F, –O, –OH terminations",Mixed HF/HCl acid etching of Al-Ti₃AlC₂ MAX phase,,,~530 nm,,,,,24.2 mg cm⁻²,LiCl/PVA gel,,,0.16 mA cm⁻²,,,146 mF cm⁻²
1,54,10.3390/inorganics12040112,"2024, Sun et al.",Ti₃C₂Tₓ,"Ti₃C₂ with –OH, –F, =O terminations",HF etching,,2,,,,,,,KOH,,2,,,340,
1,57,10.3390/inorganics12040112,"2024, Sun et al.",Ti₃C₂Tₓ,"Ti₃C₂ with –OH, –F, =O terminations",LiF/HCl (MILD etching),,,,,,,,,1 M LiTFSI in PC,,2,,195,410,
1,58,10.3390/inorganics12040112,"2024, Sun et al.",Ti₃C₂Tₓ,"Ti₃C₂ with –OH, –F, =O terminations",Lewis acid molten salt etching (ZnCl₂),,,,,,,,,1 M LiPF₆ in EC/DMC (1:1),,0.5,,264,,
1,59,10.3390/inorganics12040112,"2024, Sun et al.",Ti₃C₂Tₓ,"Ti₃C₂ with –OH, –F, =O terminations",LiF/HCl (MILD etching),,,,,,,,,MSA/PVA hydrogel (solid),,2,,,,1719
1,61,10.1021/acsaem.2c00653,"2022, Prenger et al.",Ti₃C₂Tₓ,"Ti₃C₂ with –OH, –O, –F terminations",HF/LiCl etching of Ti₃AlC₂ + ion exchange (KCl),Multilayer,"12.47 Å (pre-ann.), 12.06 Å (post-ann.)",,,,,30–35 µm,4.2–5.2,1 M H₂SO₄,,5 mV/s,5 A/g,286,,1.5
1,62,10.1021/acsaem.2c00653,"2022, Prenger et al.",Ti₃C₂Tₓ,"Ti₃C₂ with –OH, –O, –F terminations",HF/LiCl etching of Ti₃AlC₂ + ion exchange (NaCl),Multilayer,"12.37 Å (pre-ann.), 12.26 Å (post-ann.)",,,,,30–35 µm,4.2–5.2,1 M H₂SO₄,,5 mV/s,5 A/g,265,,1.3
1,63,10.1021/acsaem.2c00653,"2022, Prenger et al.",Ti₃C₂Tₓ,"Ti₃C₂ with –OH, –O, –F terminations",HF/LiCl etching of Ti₃AlC₂ + ion exchange (MgCl₂),Multilayer,"14.79 Å (pre-ann.), 14.47 Å (post-ann.)",,,,,30–35 µm,4.2–5.2,1 M H₂SO₄,,5 mV/s,5 A/g,214,,1
1,64,10.1021/acsaem.2c00653,"2022, Prenger et al.",Ti₃C₂Tₓ,"Ti₃C₂ with –OH, –O, –F terminations",HF/LiCl etching of Ti₃AlC₂ (no ion exchange),Multilayer,"13.25 Å (pre-ann.), 10.67 Å (post-ann.)",,,,,30–35 µm,4.2–5.2,1 M H₂SO₄,,5 mV/s,5 A/g,187.5,,0.7
1,65,10.1021/acsaem.2c00653,"2022, Prenger et al.",Ti₃C₂Tₓ,"Ti₃C₂ with –OH, –O, –F terminations",HF/LiCl etching of Ti₃AlC₂ + ion exchange (KCl),Multilayer,"12.47 Å (pre-ann.), 12.06 Å (post-ann.)",,,,,70–77 µm,10.2–13.4,1 M H₂SO₄,,5 mV/s,,,,3.7
1,66,10.1021/acsaem.2c00653,"2022, Prenger et al.",Ti₃C₂Tₓ,"Ti₃C₂ with –OH, –O, –F terminations",HF/LiCl etching of Ti₃AlC₂ + ion exchange (NaCl),Multilayer,"12.37 Å (pre-ann.), 12.26 Å (post-ann.)",,,,,70–77 µm,10.2–13.4,1 M H₂SO₄,,5 mV/s,,,,3.7
1,67,10.1021/acsaem.2c00653,"2022, Prenger et al.",Ti₃C₂Tₓ,"Ti₃C₂ with –OH, –O, –F terminations",HF/LiCl etching of Ti₃AlC₂ + ion exchange (MgCl₂),Multilayer,"14.79 Å (pre-ann.), 14.47 Å (post-ann.)",,,,,70–77 µm,10.2–13.4,1 M H₂SO₄,,5 mV/s,,,,
1,68,10.1021/acsaem.2c00653,"2022, Prenger et al.",Ti₃C₂Tₓ,"Ti₃C₂ with –OH, –O, –F terminations",HF/LiCl etching of Ti₃AlC₂ (no ion exchange),Multilayer,"13.25 Å (pre-ann.), 10.67 Å (post-ann.)",,,,,70–77 µm,10.2–13.4,1 M H₂SO₄,,5 mV/s,,,,
1,69,10.1021/acsaem.2c00653,"2022, Prenger et al.",Ti₃C₂Tₓ,"Ti₃C₂ with –OH, –O, –F terminations",HF/LiCl etching of Ti₃AlC₂ + ion exchange (KCl),Multilayer,"12.47 Å (pre-ann.), 12.06 Å (post-ann.)",,,,,103 µm,20.1,1 M H₂SO₄,,5 mV/s,,,,5.7
1,72,10.3390/nano14010062,"2024, Prabhakar Vattikuti et al.",Ti₃C₂Tₓ,Ti₃C₂ with expanded interlayer spacing,HF etching + CTAB surfactant intercalation,,3.78 nm,,,,,,,1 mol/L H₂SO₄,,5 mV/s,,322 F/g,,
1,73,10.3390/nano14010062,"2024, Prabhakar Vattikuti et al.",Ti₃C₂Tₓ,Ti₃C₂ with –O terminations (LiCl-KCl-K₂CO₃ treatment),Molten salt treatment (LiCl-KCl-K₂CO₃) replacing –F with –O,,,,,,,,,1 mol/L H₂SO₄,,,1 A/g,323.6 F/g,,
1,74,10.3390/nano14010062,"2024, Prabhakar Vattikuti et al.",Ti₃C₂Tₓ,"Ti₃C₂ with –OH, –F, =O terminations",Natural rubber template (3D porous MXene foam),,,,,,,,,1 mol/L H₂SO₄,,2 mV/s,,480 F/g,,
1,77,10.3390/nano14010062,"2024, Prabhakar Vattikuti et al.",Ti₃C₂Tₓ,"Ti₃C₂ with –OH, –F, =O terminations",Wet spinning of sheared Ti₃C₂Tₓ sediments (ultradense fibers),,,,,,,,,1 mol/L H₂SO₄,,,,,1661 F/cm³,
1,80,10.3390/nano14010062,"2024, Prabhakar Vattikuti et al.",Ti₃C₂Tₓ,Ti₃C₂ + calcium alginate-derived carbon dots,Gelation of calcium alginate in MXene + annealing,,1.37 nm,,,,,,,3 mol/L H₂SO₄,,,,373 F/g,1245 F/cm³,2.73 F/cm²
1,81,10.3390/nano14010062,"2024, Prabhakar Vattikuti et al.",N-Ti₃C₂Tₓ,"N-doped Ti₃C₂ (aerogel, 3D porous)",One-step hydrothermal (N-doping + 3D structure building),,,,,,,,,3 mol/L H₂SO₄,200.8 m²/g,,,531 F/g,,
1,83,10.3390/nano14010062,"2024, Prabhakar Vattikuti et al.",V₂CTₓ,V₂C with surface terminations,NaF/HCl hydrothermal etching of V₂AlC,,,,,,,,,1 mol/L Na₂SO₄,,2 mV/s,100 mA/g,556.7 F/g,,
1,84,10.3390/nano14010062,"2024, Prabhakar Vattikuti et al.",Nb₂C/Ti₃C₂,Interconnected Nb₂C/Ti₃C₂ 2D/2D MXene heterointerface,One-step chemical etching (simultaneous growth),,,,,,,,,PVA/H₂SO₄ gel,,,2 A/g,584 F/g,,
1,85,10.3390/nano14010062,"2024, Prabhakar Vattikuti et al.",Mo₂Ti₂C₃,"Mo₂Ti₂C₃ MXene, layer spacing 2.4 nm",Etching + vacuum-assisted filtration,,2.4 nm,,,,,,,EMIMTFSI in acetonitrile,,,,152 F/g,,
1,86,10.3390/nano14010062,"2024, Prabhakar Vattikuti et al.",Mo₂CTₓ,Mo₂C with surface terminations,Hydrothermal etching,,,,,,,,,1 mol/L H₂SO₄,,,0.3 A/g,79.14 F/g,390.7 F/cm³,
1,87,10.3390/nano14010062,"2024, Prabhakar Vattikuti et al.",Mo₁.₃₃CTz,Mo₁.₃₃C with ordered Mo vacancies,Selective etching of in-plane ordered MAX phase,,,,,,,,,1 mol/L MnSO₄,,,,,677 F/cm³,
1,89,10.3390/nano14010062,"2024, Prabhakar Vattikuti et al.",Nb₄C₃Tₓ,Nb₄C₃ with large interlayer spacing,HF etching with adjusted etching time (nanopore introduction),,,,,,,,,1 mol/L H₂SO₄,,,,,1075 F/cm³,
1,93,10.1021/acsaem.2c00653,"2022, Prenger et al.",K-Ti₃C₂Tₓ,"Ti₃C₂ with –OH, –O, –F terminations; K⁺ pre-intercalated",HF/LiCl etching of Ti₃AlC₂ + KCl ion exchange,Multilayer,12.47 (pre-ann.); 12.06 (post-ann.),,,,,31–34,4.2–5.2,1 M H₂SO₄,,5,5,286,,1500
1,94,10.1021/acsaem.2c00653,"2022, Prenger et al.",K-Ti₃C₂Tₓ,"Ti₃C₂ with –OH, –O, –F terminations; K⁺ pre-intercalated",HF/LiCl etching of Ti₃AlC₂ + KCl ion exchange,Multilayer,12.47 (pre-ann.); 12.06 (post-ann.),,,,,70–77,10.2–13.4,1 M H₂SO₄,,5,5,286,,3700
1,95,10.1021/acsaem.2c00653,"2022, Prenger et al.",K-Ti₃C₂Tₓ,"Ti₃C₂ with –OH, –O, –F terminations; K⁺ pre-intercalated",HF/LiCl etching of Ti₃AlC₂ + KCl ion exchange,Multilayer,12.47 (pre-ann.); 12.06 (post-ann.),,,,,100–105,20.1,1 M H₂SO₄,,5,5,286,,5700
1,98,10.1021/acsaem.2c00653,"2022, Prenger et al.",Mg-Ti₃C₂Tₓ,"Ti₃C₂ with –OH, –O, –F terminations; Mg²⁺ pre-intercalated",HF/LiCl etching of Ti₃AlC₂ + MgCl₂ ion exchange,Multilayer,14.79 (pre-ann.); 14.47 (post-ann.),,,,,31–34,4.2–5.2,1 M H₂SO₄,,5,5,214,,
1,99,10.1021/acsaem.2c00653,"2022, Prenger et al.",Ti₃C₂Tₓ,"Ti₃C₂ with –OH, –O, –F terminations; no intercalant","HF/LiCl etching of Ti₃AlC₂ (pristine, no ion exchange)",Multilayer,13.25 (pre-ann.); 10.67 (post-ann.),,,,,31–34,4.2–5.2,1 M H₂SO₄,,5,5,187.5,,
1,101,10.3390/nano14010062,"2024, Prabhakar Vattikuti et al.",Ti₃C₂Tₓ,Ti₃C₂ with expanded interlayer via CTAB surfactant,HF etching + CTAB intercalation,,3.78 nm,,,,,,,1 M H₂SO₄,,5,,322,,
1,103,10.3390/nano14010062,"2024, Prabhakar Vattikuti et al.",Ti₃C₂Tₓ,P-doped Ti₃C₂Tₓ with P-O and P-C bonds,Sodium hypophosphate annealing (P-doping),,,,,,,,,1 M H₂SO₄,,,,476.9,,
1,104,10.3390/nano14010062,"2024, Prabhakar Vattikuti et al.",Ti₃C₂Tₓ,"N-doped Ti₃C₂Tₓ aerogel, 3D porous structure",One-step hydrothermal N-doping + 3D aerogel formation,,,,,,,,,3 M H₂SO₄,200.8,,,531,,
1,105,10.3390/nano14010062,"2024, Prabhakar Vattikuti et al.",Ti₃C₂Tₓ,Ultradense wet-spun Ti₃C₂Tₓ fibers (density 5.4 g cm⁻³),Wet spinning of sheared Ti₃C₂Tₓ sediments,,,,,,,,,1 M H₂SO₄,,,,,1661,
1,106,10.3390/nano14010062,"2024, Prabhakar Vattikuti et al.",Ti₃C₂Tₓ,"Modified MXene/holey graphene film, –F/–OH terminals removed",Filtration of alkalized MXene + holey graphene oxide + mild annealing,,,,,,,,12.6,H₂SO₄,,2,,,1445,
1,107,10.3390/nano14010062,"2024, Prabhakar Vattikuti et al.",Ti₃C₂Tₓ,"Compressed Ti₃C₂ from ionic liquid ([C4mim]Cl) viscous medium, 300 MPa",Ionic liquid-assisted mechanical exfoliation + compression,,,,28.2,,,150,,H₂SO₄,,,,304,,11.4
1,108,10.3390/nano14010062,"2024, Prabhakar Vattikuti et al.",V₂CTₓ,V₂C MXene with high capacitance,NaF/HCl etching under hydrothermal conditions,,,,,,,,,1 M Na₂SO₄,,2,100,556.7,,
1,109,10.3390/nano14010062,"2024, Prabhakar Vattikuti et al.",Nb₂C/Ti₃C₂,Nb₂C/Ti₃C₂ 2D/2D MXene heterointerface,One-step chemical etching (simultaneous growth),,,,,,,,,PVA/H₂SO₄ gel,,,2,584,,
1,110,10.3390/nano14010062,"2024, Prabhakar Vattikuti et al.",Mo₂Ti₂C₃,Mo₂Ti₂C₃ free-standing film electrode,Etching + vacuum-assisted filtration,,2.4 nm,,,,,,,1 M EMIMTFSI in acetonitrile,,,,152,,
1,111,10.3390/nano14010062,"2024, Prabhakar Vattikuti et al.",Mo₁.₃₃CTz,Mo₁.₃₃CTz MXene with ordered Mo vacancies,Selective etching of in-plane chemically ordered MAX phase,,,,,,,,,1 M MnSO₄,,,,,677,
1,112,10.3390/nano14010062,"2024, Prabhakar Vattikuti et al.",CoNi₂S₄/Ti₃C₂Tₓ,Sandwich-like CoNi₂S₄/Ti₃C₂Tₓ hetero-nanostructure,Hydrothermal reaction,,,,,,,,,6 M KOH,,,1,320 mAh g⁻¹,,
1,113,10.3390/nano14010062,"2024, Prabhakar Vattikuti et al.",NiCoS/Ti₃C₂,2D hierarchical NiCoS on ultrathin Ti₃C₂ nanosheets,Co-precipitation + in situ sulfidation,,,,,,,,,KOH,,,1,759 C g⁻¹,,
1,114,10.3390/nano14010062,"2024, Prabhakar Vattikuti et al.",Ti₃C₂Tₓ/Ca-SA,3D cross-linked Ti₃C₂Tₓ and calcium-sodium alginate film,3D cross-linked film with enlarged interlayer spacing,,,,,,,,,H₂SO₄,,5,,,,633
1,115,10.3390/nano14010062,"2024, Prabhakar Vattikuti et al.",K-Ti₃C₂Tₓ,K⁺ pre-intercalated multilayer Ti₃C₂Tₓ,Metal cation pre-intercalation (K⁺),Multilayer,,,,,,,,Aqueous,,,,300,,5700
1,116,10.3390/nano14010062,"2024, Prabhakar Vattikuti et al.",Ti₃C₂Tₓ/PANI,Ti₃C₂Tₓ/PANI composite films with tunable thickness,Physical mixing + suction filtration,,,,,,,,,H₂SO₄,,,1,272.5,,
1,117,10.3390/nano14010062,"2024, Prabhakar Vattikuti et al.",Ti₃C₂Tₓ/CAC,Ti₃C₂Tₓ/calcium alginate carbon dots film,Gelation of calcium alginate + annealing,,1.37 nm,,,,,,,H₂SO₄,,,,373,1245,
1,118,10.3390/nano14010062,"2024, Prabhakar Vattikuti et al.",Ti₃C₂Tₓ@chitosan,3D ordered porous Ti₃C₂Tₓ@chitosan film,Chitosan-supported self-assembly,,,,,,,,4,3 M H₂SO₄,,2000,,245.2,,
1,119,10.3390/nano14010062,"2024, Prabhakar Vattikuti et al.",Ti₃C₂Tₓ,3D-printed MXene MSC from aqueous precipitation ink,3D printing (MXene aqueous precipitation ink),,,,,,,,,Quasi-solid-state,,,,,,2380
1,136,10.1002/smtd.202401751,"2025, Shinde & Pumera",Ti₃C₂Tₓ,"Ti₃C₂ with –OH, –O, –F terminations",Chemical solution,,,,,,,,,1 M H₂SO₄,,,2 A g⁻¹,612 F g⁻¹,,
1,167,10.1002/smm2.1130,"2023, Wang & Wang",Ti₃C₂Tₓ,MXene 'pearl layer' bioinspired layer-by-layer with SnS₂,MILD etching + layer-by-layer assembly,Few-layer,,,,,,,,1 mol/L H₂SO₄,,10,,190,,
1,169,10.1002/smm2.1130,"2023, Wang & Wang",Ti₃C₂Tₓ,MnO₂/Ti₃C₂Tₓ on activated carbon cloth (free-standing),Electrochemical deposition of MnO₂ on MXene/CC,Multilayer,,,,,,,,LiCl-PVA gel,,,1,411.5,,
1,170,10.1002/smm2.1130,"2023, Wang & Wang",Ti₃C₂Tₓ,PANI nanoparticles embedded in Ti₃C₂Tₓ interlayer,MILD etching + in-situ PANI deposition (functional ink),Few-layer,,,,,,4.8,,H₂SO₄,,,,,,
1,171,10.1002/smm2.1130,"2023, Wang & Wang",Ti₃C₂,Ti₃C₂ modified with amorphous FeOOH quantum dots,HF etching + electrostatic self-assembly,Few-layer,,,,,,,,Neutral electrolyte,,,,,,485
1,172,10.1002/smm2.1130,"2023, Wang & Wang",Ti₃C₂Tₓ,Ti₃C₂Tₓ as binder + activated carbon particles,MILD etching + vacuum-assisted filtration with AC,Few-layer,,,,,,,,Organic electrolyte,,,0.1,126,,
1,173,10.1002/smm2.1130,"2023, Wang & Wang",Ti₃C₂Tₓ,"Ti₃C₂Tₓ/rGO 3D porous film (20% rGO, self-propagation reduction)",MILD etching + GO addition + self-propagation reduction,Few-layer,,,,,,80.8,,3 mol/L H₂SO₄,,5,,329.9,,
1,176,10.1002/smm2.1130,"2023, Wang & Wang",Ti₃C₂Tₓ,MnO₂ nanorods + Ti₃C₂Tₓ on carbon cloth,MILD etching + hydrothermal MnO₂ growth on MXene/CC,Multilayer,,,,,,,,PVA gel,,,5,511.2,,
2,0,10.1016/j.nanoen.2015.04.012,"Come et al., 2015",Ti₃C₂Tₓ,"Ti₃C₂ with –OH, =O, –F terminations",HF etching of Ti₃AlC₂ + DMSO intercalation + delamination,Few/single-layer (delaminated),12.56–12.84 Å (contracts on charging),,,,,25 ± 2 µm,4 mg cm⁻²,1M Li₂SO₄ (aqueous),,2 mV s⁻¹,,,~300 F cm⁻³ (E > −0.25 V); ~200 F cm⁻³ (E < −0.25 V),
2,1,10.1016/j.nanoen.2015.04.012,"Come et al., 2015",Ti₃C₂Tₓ,"Ti₃C₂ with –OH, =O, –F terminations",HF etching of Ti₃AlC₂ + DMSO intercalation + delamination,Few/single-layer (delaminated),,,,,,25 ± 2 µm,4 mg cm⁻²,1M Na₂SO₄ (aqueous),,2 mV s⁻¹,,,,
2,2,10.1016/j.nanoen.2015.04.012,"Come et al., 2015",Ti₃C₂Tₓ,"Ti₃C₂ with –OH, =O, –F terminations",HF etching of Ti₃AlC₂ + DMSO intercalation + delamination,Few/single-layer (delaminated),12.5–12.6 Å (minimal change),,,,,25 ± 2 µm,4 mg cm⁻²,0.5M K₂SO₄ (aqueous),,2 mV s⁻¹,,,,
2,3,10.1016/j.nanoen.2015.04.012,"Come et al., 2015",Ti₃C₂Tₓ,"Ti₃C₂ with –OH, =O, –F terminations",HF etching of Ti₃AlC₂ + DMSO intercalation + delamination,Few/single-layer (delaminated),,,,,,25 ± 2 µm,4 mg cm⁻²,1M MgSO₄ (aqueous),,2 mV s⁻¹,,,,
2,4,10.1002/adfm.202000815,"2020, Zhao et al.",Nb₄C₃Tₓ,"Nb₄C₃ with –OH, –O, –F surface terminations","HF etching (49% HF, 140 h, RT) + TMAOH delamination",Single layer / few-layer,1.77 nm (17.7 Å),~5 µm,,,,,,1 M H₂SO₄,,5 mV s⁻¹,2 A g⁻¹,,1075 F cm⁻³,
2,5,10.1002/adfm.202000815,"2020, Zhao et al.",Nb₄C₃Tₓ,"Nb₄C₃ with –OH, –O, –F surface terminations","HF etching (49% HF, 140 h, RT) + TMAOH delamination",Single layer / few-layer,1.77 nm (17.7 Å),~5 µm,,,,,,1 M KOH,,5 mV s⁻¹,2 A g⁻¹,,687 F cm⁻³,
2,6,10.1002/adfm.202000815,"2020, Zhao et al.",Nb₄C₃Tₓ,"Nb₄C₃ with –OH, –O, –F surface terminations","HF etching (49% HF, 140 h, RT) + TMAOH delamination",Single layer / few-layer,1.77 nm (17.7 Å),~5 µm,,,,,,1 M MgSO₄,,5 mV s⁻¹,2 A g⁻¹,,506 F cm⁻³,
2,7,10.1002/advs.202100775,2021; Cheng et al.,Ti₃C₂Tₓ,"Ti₃C₂ with surface terminations (–OH, –F, =O); derived from Ti₃AlC₂ MAX phase","HF-based etching of Ti₃AlC₂, then ultrasonication exfoliation to few-layer",Few-layer,13.82 Å,,,,,8.5 µm,,2 M Zn(CF₃SO₃)₂ – 0.1 M MnSO₄ / PAM hydrogel,,5 mV s⁻¹,1 mA cm⁻²,,,38 mF cm⁻²
2,8,10.1002/advs.202100775,2021; Cheng et al.,Ti₃C₂Tₓ,Ti₃C₂Tₓ nanosheets + BC@PPy core-shell nanofibers (51.6 wt% BC@PPy); PPy shell via chemical oxidative polymerization,Vacuum filtration of mixed Ti₃C₂Tₓ + BC@PPy dispersion; BC@PPy by pyrrole polymerization on BC nanofibers,Few-layer,17.16 Å,,,,,97.2 µm,,2 M Zn(CF₃SO₃)₂ – 0.1 M MnSO₄ / PAM hydrogel,,5 mV s⁻¹,1 mA cm⁻²,,,388 mF cm⁻²
2,9,10.1002/advs.202100775,2021; Cheng et al.,Ti₃C₂Tₓ,"Capacitor-type: MXene/BC@PPy (51.6 wt%); Battery-type: CNTs@MnO₂ (MnO₂ mainly Mn⁴⁺, flower-like; 0.33 mg cm⁻² MnO₂)",Laser-cut interdigital electrodes; CNTs@MnO₂ by electrodeposition on CNTs film; assembled with PAM hydrogel,Few-layer (anode side),17.16 Å,,,,,,,2 M Zn(CF₃SO₃)₂ – 0.1 M MnSO₄ / PAM hydrogel,,2–6 mV s⁻¹,0.75 mA cm⁻²,,28.1 mWh cm⁻³ (energy density); 69.5 mW cm⁻³ (power density),290 mF cm⁻²
2,10,10.1021/acsomega.1c06761,"2022, Gandla et al.",Mo2Ti2C3Tx,"Mo2Ti2C3 with -OH, -F, =O terminations","HF etching (50% aq. HF, 60°C, 96 h), ultrasonication delamination, vacuum-assisted filtration",Multilayer/delaminated,2.46 nm,,,,,,~3 mg cm-2,1 M EMIMTFSI in acetonitrile,,200 mV s-1,10 mA cm-2,152 F g-1,,
2,11,10.1021/acsomega.1c06761,"2022, Gandla et al.",Ti3C2Tx,"Ti3C2 with -OH, -F, =O terminations","HF etching (50% aq. HF, 60°C, 48 h), vacuum-assisted filtration",Multilayer,1.02 nm,,,,,,~3 mg cm-2,1 M EMIMTFSI in acetonitrile,,200 mV s-1,10 mA cm-2,61 F g-1,,
2,12,10.1002/cnl2.70006,"2025, Zhang et al.",Ti₃C₂Tₓ,"Ti₃C₂ with δ-MnO₂ nanoflowers intercalated; –OH, –F, =O surface terminations",Hydrothermal (δ-MnO₂) + water bath mixing with MXene at 140°C for 12 h,,,,,,,,,1 M Na₂SO₄,,50 mV s⁻¹,1.0 A g⁻¹,108 F g⁻¹,,
2,20,10.1002/eem2.12090,2020; Li et al.,Ti₃C₂Tₓ,"Ti₃C₂ with –OH, –F, =O terminations",HF-containing etching,,,,,,,,,1 M H₂SO₄ (aqueous),,,,,900,
2,21,10.1002/eem2.12090,2020; Li et al.,Ti₃C₂Tₓ,"Ti₃C₂ with –OH, –F, =O terminations",HF-containing etching,,,,,,,,,1 M Li₂SO₄ (aqueous),,,,,209,
2,22,10.1002/eem2.12090,2020; Li et al.,Ti₃C₂Tₓ,"Ti₃C₂ with –OH, –F, =O terminations",HF-containing etching,,,,,,,,,1 M KOH (aqueous),,,,,350,
2,23,10.1002/eem2.12090,2020; Li et al.,Ti₃C₂Tₓ,"Ti₃C₂ with –OH, –F, =O terminations",HF-containing etching,,,,,,,,,EMIMTFSI (nonaqueous),,,,70,,
2,24,10.1002/eem2.12090,2020; Li et al.,Ti₃C₂Tₓ,"Ti₃C₂ with –OH, –F, =O terminations",HF-containing etching,,,,,,,up to 200 µm,,1 M H₂SO₄ (aqueous),,,,270,,
2,25,10.1002/eem2.12090,2020; Li et al.,Ti₃C₂Tₓ,"Ti₃C₂ with –OH, –F, =O terminations",HF-containing etching + PMMA template,,,,,,,,,3 M H₂SO₄ (aqueous),,,,,1500,
2,26,10.1002/eem2.12090,2020; Li et al.,Ti₃C₂Tₓ,"Ti₃C₂ with –OH, –F, =O terminations",HF-containing etching + PMMA template,,,,,,,,,1 M LiTFSI (nonaqueous),,,,,410,
2,27,10.1002/eem2.12090,2020; Li et al.,Ti₃C₂Tₓ,"Ti₃C₂ with –OH, –F, =O terminations",HF-containing etching,,,,,,,,,1 M NaClO₄ (nonaqueous),,,,166 mAh g⁻¹,,
2,28,10.1002/eem2.12090,2020; Li et al.,Ti₃C₂Tₓ,"Ti₃C₂ with –OH, –F, =O terminations",HF-containing etching,,,,,,,,,3 M H₂SO₄ (aqueous),,,,272,,
2,29,10.1002/eem2.12090,2020; Li et al.,Ti₂CTₓ,Ti₂C with surface terminations,HF-containing etching,,,,,,,,,1 M LiPF₆ (nonaqueous),,,,176 mAh g⁻¹,,
2,30,10.1002/eem2.12090,2020; Li et al.,Nb₄C₃Tₓ,Nb₄C₃ with surface terminations,HF-containing etching,,,,,,,,,1 M LiPF₆ (nonaqueous),,,,333 mAh g⁻¹,,
2,31,10.1002/eem2.12090,2020; Li et al.,V₂CTₓ,V₂C with surface terminations,HF-containing etching,,,,,,,,,1 M KOH (aqueous),,,,184,,
2,32,10.1002/eem2.12090,2020; Li et al.,V₂CTₓ,V₂C with surface terminations,HF-containing etching,,,,,,,,,1 M MgSO₄ (aqueous),,,,225,,
2,33,10.1002/eem2.12090,2020; Li et al.,V₂CTₓ,V₂C with surface terminations,HF-containing etching,,,,,,,,,1 M NaPF₆ (nonaqueous),,,,,170,
2,34,10.1002/eem2.12090,2020; Li et al.,Mo₂CTₓ,Mo₂C with surface terminations,HF-containing etching,,,,,,,,,1 M H₂SO₄ (aqueous),,,,,700,
2,35,10.1002/eem2.12090,2020; Li et al.,Mo₂CTₓ,Mo₂C with surface terminations,HF-containing etching + PMMA template,,,,,,,,,3 M H₂SO₄ (aqueous),,,,,750,
2,36,10.1002/eem2.12090,2020; Li et al.,Nb₂CTₓ,Nb₂C with surface terminations,HF-containing etching,,,,,,,,,1 M LiPF₆ (nonaqueous),,,,600 mAh g⁻¹,,
2,37,10.1002/eem2.12090,2020; Li et al.,Mo₂Ti₂C₃Tₓ,Mo₂Ti₂C₃ with surface terminations,HF-containing etching,,,,,,,,,1 M LiPF₆ (nonaqueous),,,,269 mAh g⁻¹,,
2,38,10.1002/eem2.12090,2020; Li et al.,Mo₁.₃₃CTₓ,Mo₁.₃₃C with surface terminations,HF-containing etching,,,,,,,,,1 M H₂SO₄ (aqueous),,,,,1153,
2,39,10.1002/eem2.12090,2020; Li et al.,Ta₄C₃Tₓ,Ta₄C₃ with surface terminations,HF-containing etching,,,,,,,,,0.1 M H₂SO₄ (aqueous),,,,480,,
2,40,10.1002/eem2.12090,2020; Li et al.,Mo₂TiC₂Tₓ,Mo₂TiC₂ with surface terminations,HF-containing etching,,,,,,,,,1 M H₂SO₄ (aqueous),,,,,413,
2,46,10.1021/acsomega.3c04058,"2024, Bukhari et al.",Ti₃C₂Tₓ,10% Ti₃C₂ MXene + 90% C60 (wt%),"HF/H₂O₂ etching of Ti₃SiC₂ (55°C, 45h) + TMAOH delamination + hydrothermal composite (90°C, 24h)",Multilayer (delaminated),,,,,,,,6 M KOH,,2 mV s⁻¹,,~50 F g⁻¹,,
2,47,10.1021/acsomega.3c04058,"2024, Bukhari et al.",Ti₃C₂Tₓ,25% Ti₃C₂ MXene + 75% C60 (wt%),"HF/H₂O₂ etching of Ti₃SiC₂ (55°C, 45h) + TMAOH delamination + hydrothermal composite (90°C, 24h)",Multilayer (delaminated),,,,,,,,6 M KOH,,2 mV s⁻¹,,~120 F g⁻¹,,
2,48,10.1021/acsomega.3c04058,"2024, Bukhari et al.",Ti₃C₂Tₓ,50% Ti₃C₂ MXene + 50% C60 (wt%),"HF/H₂O₂ etching of Ti₃SiC₂ (55°C, 45h) + TMAOH delamination + hydrothermal composite (90°C, 24h)",Multilayer (delaminated),,,,,,,,6 M KOH,,2 mV s⁻¹,,~160 F g⁻¹,,
2,49,10.1021/acsomega.3c04058,"2024, Bukhari et al.",Ti₃C₂Tₓ,75% Ti₃C₂ MXene + 25% C60 (wt%),"HF/H₂O₂ etching of Ti₃SiC₂ (55°C, 45h) + TMAOH delamination + hydrothermal composite (90°C, 24h)",Multilayer (delaminated),,,,,,,,6 M KOH,,2 mV s⁻¹,,~240 F g⁻¹,,
2,50,10.1021/acsomega.3c04058,"2024, Bukhari et al.",Ti₃C₂Tₓ,90% Ti₃C₂ MXene + 10% C60 (wt%),"HF/H₂O₂ etching of Ti₃SiC₂ (55°C, 45h) + TMAOH delamination + hydrothermal composite (90°C, 24h)",Multilayer (delaminated),,,,,,,,6 M KOH,,2 mV s⁻¹,,348 F g⁻¹,,
2,51,10.1002/adfm.202003721,"2020, Li et al.",Ti3C2Tx,"Ti3C2 with -O, -F, -OH terminations",MILD (LiF/HCl etching + ultrasonication),Multilayer (delaminated),13.16 Å,500-1200 nm,,,,,,1.0 M Li2SO4,,20 mV s-1,,,289.73 F cm-3,
2,52,10.1002/adfm.202003721,"2020, Li et al.",Ti3C2Tx,"Ti3C2 with -O, -F, -OH terminations",MILD (LiF/HCl etching + ultrasonication),Multilayer (delaminated),14.71 Å,500-1200 nm,,,,,,1.0 M Li2SO4,,20 mV s-1,,,288.35 F cm-3,
2,53,10.1002/adfm.202003721,"2020, Li et al.",Ti3C2Tx,"Ti3C2 with -O, -F, -OH terminations",MILD (LiF/HCl etching + ultrasonication),Multilayer (delaminated),15.01 Å,500-1200 nm,,,,,,1.0 M Li2SO4,,20 mV s-1,,,290.34 F cm-3,
2,54,10.1002/adfm.202003721,"2020, Li et al.",Ti3C2Tx,"Ti3C2 with -O, -F, -OH terminations",MILD (LiF/HCl etching + ultrasonication),Multilayer (delaminated),15.62 Å,500-1200 nm,,,,,,1.0 M Li2SO4,,20 mV s-1,,,363.25 F cm-3,
2,55,10.1002/adfm.202003721,"2020, Li et al.",Ti3C2Tx,"Ti3C2 with -O, -F, -OH terminations",MILD (LiF/HCl etching + ultrasonication),Multilayer (delaminated),15.05 Å,500-1200 nm,,,,,,1.0 M Li2SO4,,20 mV s-1,,,338.25 F cm-3,
2,56,10.1002/adfm.202003721,"2020, Li et al.",Ti3C2Tx,"Ti3C2 with -O, -F, -OH terminations",MILD (LiF/HCl etching + ultrasonication),Multilayer (delaminated),15.15 Å,500-1200 nm,,,,,,1.0 M Li2SO4,,20 mV s-1,,,331.29 F cm-3,
2,57,10.1002/adfm.202003721,"2020, Li et al.",Ti3C2Tx,"Ti3C2 with -O, -F, -OH terminations",MILD (LiF/HCl etching + ultrasonication),Multilayer (delaminated),15.40 Å,500-1200 nm,,,,,,1.0 M Li2SO4,,20 mV s-1,,,338.24 F cm-3,
2,58,10.1002/adfm.202003721,"2020, Li et al.",Ti3C2Tx,"Ti3C2 with -O, -F, -OH terminations",MILD (LiF/HCl etching + ultrasonication),Multilayer (delaminated),,500-1200 nm,,,,,,1.0 M Li2SO4,,20 mV s-1,,,329.50 F cm-3,
2,59,10.1002/adfm.202003721,"2020, Li et al.",Ti3C2Tx,"Ti3C2 with -O, -F, -OH terminations",MILD (LiF/HCl etching + ultrasonication),Multilayer (delaminated),,500-1200 nm,,,,,,1.0 M Li2SO4,,20 mV s-1,,,307.83 F cm-3,
2,60,10.1002/adfm.202003721,"2020, Li et al.",Ti3C2Tx,"Ti3C2 with -O, -F, -OH terminations",MILD (LiF/HCl etching + ultrasonication),Multilayer (delaminated),15.40 Å,500-1200 nm,,,,2.0 µm (crumple-textured),0.36 mg cm-2,1.0 M ZnSO4/gelatin gel,,5 mV s-1,,,665.5 F cm-3,77.2 mF cm-2
2,61,10.1007/s12274-021-3939-1,"2022, Li et al.",Ti₃C₂Tₓ,"Ti₃C₂ with –OH, –F, –O terminations","HF etching of Ti₃AlC₂ (6 mol·L⁻¹, RT, 72 h)",Multilayer,9.5,,,,,,,1 mol·L⁻¹ H₂SO₄,,2,,72,,
2,62,10.1007/s12274-021-3939-1,"2022, Li et al.",Ti₃C₂Tₓ,"Ti₃C₂ with –OH, –F, –O; K⁺ intercalated (Ti₃C₂TₓK₀.₂₄)",HF etching + electrochemical discharge in sat. K₂SO₄ at 10 mV·s⁻¹ (0 to −0.7 V vs. Ag/AgCl),Multilayer,12.4,,,,,,,1 mol·L⁻¹ H₂SO₄,,2,,185,,
2,63,10.1007/s12274-021-3939-1,"2022, Li et al.",Ti₃C₂Tₓ,Ti₃C₂ with –O enriched terminations; trapped K⁺ pillar (Ti₃C₂TₓK₀.₀₆),HF etching + electrochemical discharge/charge cycling in sat. K₂SO₄ at 10 mV·s⁻¹,Multilayer,12.7,,,,,,,1 mol·L⁻¹ H₂SO₄,,2,,380,,
2,64,10.1007/s12274-021-3939-1,"2022, Li et al.",Ti₃C₂Tₓ,Ti₃C₂ with –O enriched terminations; trapped Cs⁺ pillar,HF etching + electrochemical cycling in 1 mol·L⁻¹ Cs₂SO₄ at 10 mV·s⁻¹,Multilayer,12.7,,,,,,,1 mol·L⁻¹ H₂SO₄,,2,,,,
2,65,10.1007/s12274-021-3939-1,"2022, Li et al.",Ti₃C₂Tₓ,,HF etching + electrochemical cycling in 1 mol·L⁻¹ Na₂SO₄ at 10 mV·s⁻¹,Multilayer,,,,,,,,1 mol·L⁻¹ H₂SO₄,,2,,~250,,
2,66,10.1007/s12274-021-3939-1,"2022, Li et al.",Ti₃C₂Tₓ,Ti₃C₂ with –O enriched terminations; Li⁺ treated,HF etching + electrochemical cycling in 1 mol·L⁻¹ Li₂SO₄ at 10 mV·s⁻¹,Multilayer,,,,,,,,1 mol·L⁻¹ H₂SO₄,,2,,,,
2,67,10.1007/s12274-021-3939-1,"2022, Li et al.",Ti₃C₂Tₓ,Ti₃C₂ with partly hydrated Mg²⁺ intercalated,HF etching + electrochemical cycling in 1 mol·L⁻¹ MgSO₄ at 10 mV·s⁻¹,Multilayer,15.2,,,,,,,1 mol·L⁻¹ H₂SO₄,,2,,72,,
2,68,10.1007/s12274-021-3939-1,"2022, Li et al.",Ti₃C₂Tₓ,Ti₃C₂ with original terminations; Al³⁺ fully extracted,HF etching + electrochemical cycling in sat. Al₂(SO₄)₃ at 10 mV·s⁻¹,Multilayer,9.5,,,,,,,1 mol·L⁻¹ H₂SO₄,,,,~72,,
2,69,10.1002/adfm.202109524,"2021, Peng et al.",Ti₃C₂Tₓ,"Ti₃C₂ with –F, –OH, =O terminations","MILD (LiF/HCl etching), 35°C, 24 h",Few-layer,1.23 nm,,,2.60 and 11.7 nm,,,1 mg cm⁻²,2 M ZnSO₄ (aqueous),112.7 m² g⁻¹,20 mV s⁻¹,0.2 A g⁻¹,78.6 F g⁻¹,,
2,70,10.1002/adfm.202109524,"2021, Peng et al.",Ti₃C₂Tₓ (EDA-intercalated),"Ti₃C₂ with –F, –OH, =O terminations + EDA pillars; N: 3.73%","MILD etching + one-step amination (70°C, 6 h)",Few-layer,1.36 nm,,,3.38 and 7.52 nm,,,1 mg cm⁻²,2 M ZnSO₄ (aqueous),,20 mV s⁻¹,0.2 A g⁻¹,96.6 F g⁻¹,,
2,71,10.1002/adfm.202109524,"2021, Peng et al.",Ti₃C₂Tₓ (PrDA-intercalated),"Ti₃C₂ with –F, –OH, =O terminations + PrDA pillars; N: 4.15%","MILD etching + one-step amination (70°C, 6 h)",Few-layer,1.39 nm,,,3.38 and 7.52 nm,,,1 mg cm⁻²,2 M ZnSO₄ (aqueous),,20 mV s⁻¹,0.2 A g⁻¹,101.0 F g⁻¹,,
2,72,10.1002/adfm.202109524,"2021, Peng et al.",Ti₃C₂Tₓ (BDA-intercalated),"Ti₃C₂ with –F, –OH, =O terminations + BDA pillars; N: 4.38%","MILD etching + one-step amination (70°C, 6 h)",Few-layer,1.40 nm,,,3.38 and 7.55 nm,,,1 mg cm⁻²,2 M ZnSO₄ (aqueous),,20 mV s⁻¹,0.2 A g⁻¹,101.3 F g⁻¹,,
2,73,10.1002/adfm.202109524,"2021, Peng et al.",Ti₃C₂Tₓ (PDA-intercalated),"Ti₃C₂ with –F, –OH, =O terminations + PDA pillars; N: 8.72%","MILD etching + one-step amination (70°C, 6 h)",Few-layer,1.38 nm,,,2.84 and 11.7 nm,,,1 mg cm⁻²,2 M ZnSO₄ (aqueous); also 1 M Zn(OTF)₂ + 21 M LiTFSI,195.8 m² g⁻¹,20 mV s⁻¹,0.2 A g⁻¹,124.4 F g⁻¹,,
2,74,10.1002/adfm.202211199,"2023, Wang et al.",Ti₃C₂Tₓ,"Ti₃C₂ with –OH, –F, =O terminations","MILD (LiF/HCl etching of Ti₃AlC₂, 35°C, 24 h)",,1.33 nm,4.51 μm,,,,<10.08 μm,,2 M ZnSO₄ / PAM gel,,5 mV s⁻¹,3 mA cm⁻²,,,
2,75,10.1002/adfm.202211199,"2023, Wang et al.",Ti₃C₂Tₓ (Porous),"Ti₃C₂ with –OH, –F, =O terminations; C/O ratio 2.9","MILD etching + H₂O₂ oxidation-etching (15 μL, 30%, 1 h, RT)",,1.37 nm,1.13 μm,16.90%,12.15 nm,,<10.08 μm,,2 M ZnSO₄ / PAM gel,,5 mV s⁻¹,3 mA cm⁻²,,,
2,76,10.1002/adfm.202211199,"2023, Wang et al.",Ti₃C₂Tₓ / CNF Foam,"Ti₃C₂ with –OH, –F, =O + CNF intercalant; C/O ratio 2.6","MILD etching + H₂O₂ pore-making + CNF intercalation + N₂H₄·H₂O gas foaming (90°C, 6 h)",,1.40 nm,1.13 μm,,Micro <2 nm / Meso ~12.15 nm / Macro >50 nm,,276.32 μm,,2 M ZnSO₄ / PAM gel,,5 mV s⁻¹,3 mA cm⁻²,,,410 mF cm⁻²
2,77,10.1039/c9ta02190f,"2019, Zheng et al.",Ti₃C₂Tₓ,"Ti₃C₂ with surface terminations (–OH, –F, =O)",LiF/HCl etching (MILD),Single-layer / delaminated,1.45 nm,1–3 µm,,,,3.2 µm,,EMIMBF₄ (liquid),,50 mV s⁻¹,0.1 mA cm⁻²,,139 F cm⁻³,44 mF cm⁻²
2,78,10.1039/c9ta02190f,"2019, Zheng et al.",Ti₃C₂Tₓ,"Ti₃C₂ with surface terminations (–OH, –F, =O)",LiF/HCl etching (MILD),Single-layer / delaminated,1.09 nm,1–3 µm,,,,3.2 µm,,EMIMBF₄ (liquid),,50 mV s⁻¹,,,63 F cm⁻³,
2,79,10.1039/c9ta02190f,"2019, Zheng et al.",Ti₃C₂Tₓ,"Ti₃C₂ with surface terminations (–OH, –F, =O)",LiF/HCl etching (MILD),Single-layer / delaminated,,1–3 µm,,,,3.2 µm,,EMIMTFSI,,50 mV s⁻¹,0.1 mA cm⁻²,,93 F cm⁻³,29 mF cm⁻²
2,80,10.1039/c9ta02190f,"2019, Zheng et al.",Ti₃C₂Tₓ,"Ti₃C₂ with surface terminations (–OH, –F, =O)",LiF/HCl etching (MILD),Single-layer / delaminated,,1–3 µm,,,,3.2 µm,,"N₁₁,₁O₁,₁O₂BF₄",,50 mV s⁻¹,0.1 mA cm⁻²,,103 F cm⁻³,33 mF cm⁻²
2,81,10.1039/c9ta02190f,"2019, Zheng et al.",Ti₃C₂Tₓ,"Ti₃C₂ with surface terminations (–OH, –F, =O)",LiF/HCl etching (MILD),Single-layer / delaminated,,1–3 µm,,,,3.2 µm,,BMIMPF₆,,50 mV s⁻¹,0.1 mA cm⁻²,,39 F cm⁻³,12 mF cm⁻²
2,82,10.1039/c9ta02190f,"2019, Zheng et al.",Ti₃C₂Tₓ,"Ti₃C₂ with surface terminations (–OH, –F, =O)",LiF/HCl etching (MILD),Single-layer / delaminated,1.45 nm,1–3 µm,,,,3.2 µm,,EMIMBF₄/PVDF-HFP ionogel,,50 mV s⁻¹,0.1 mA cm⁻²,,133 F cm⁻³,42 mF cm⁻²
2,83,10.1021/acsnano.6b07668,"2017, Luo et al.",Ti₃C₂,"Ti₃C₂ with –OH, –F, =O terminations","HF etching of Ti₃AlC₂ (40% HF, 24 h, RT), freeze-dried",Multilayer,0.977 nm,,,,,,,1 M LiPF₆ in EC/DEC/EMC (1:1:1) + 1 wt% FEC,,,0.1 A g⁻¹,,,
2,84,10.1021/acsnano.6b07668,"2017, Luo et al.",Ti₃C₂,Ti₃C₂ intercalated with CTA⁺ surfactant,"HF etching + CTAB prepillaring at 40 °C, 24 h (0.15 g CTAB in 40 mL solution)",Multilayer,2.230 nm,,,,,,,1 M LiPF₆ in EC/DEC/EMC (1:1:1) + 1 wt% FEC,,,0.1 A g⁻¹,248 mAh g⁻¹,,
2,85,10.1021/acsnano.6b07668,"2017, Luo et al.",Ti₃C₂,"Ti₃C₂ with Sn(IV) nanocomplex, no surfactant",HF etching + direct SnCl₄ immersion without CTAB prepillaring (control sample),Multilayer,0.977 nm,,,,,,,1 M LiPF₆ in EC/DEC/EMC (1:1:1) + 1 wt% FEC,,,0.1 A g⁻¹,218 mAh g⁻¹,,
2,86,10.1021/acsnano.6b07668,"2017, Luo et al.",Ti₃C₂,Ti₃C₂ with CTA⁺ + Sn(IV) nanocomplex; 8.41 wt% Sn; Ti/Sn ratio 5.99,"HF etching → CTAB prepillaring (40 °C, 24 h) → SnCl₄·5H₂O intercalation (24 h); ion-exchange",Multilayer,,,,,,,,1 M LiPF₆ in EC/DEC/EMC (1:1:1) + 1 wt% FEC,,0.1–2 mV s⁻¹,0.1 / 1 A g⁻¹,765 mAh g⁻¹ (0.1 A g⁻¹); 506 mAh g⁻¹ (1 A g⁻¹),,
2,87,10.1016/j.electacta.2018.02.019,"2018, Qian et al.",Ti3C2Tx,"Ti3C2 with -OH, -F, =O terminations","LiF/HCl etching, DMSO delamination",Delaminated multilayer,1.344 nm (after 5000 cycles),,,,,40 µm,,2 M LiCl (aqueous),,5 mV s-1,1 mA cm-2,,"463 F cm-3 (GCD, 1 mA cm-2)",
2,88,10.1016/j.electacta.2018.02.019,"2018, Qian et al.",Ti3C2Tx,"Ti3C2 with -OH, -F, =O terminations","LiF/HCl etching, DMSO delamination",Delaminated multilayer,1.313 nm (after 5000 cycles),,,,,40 µm,,2 M NaCl (aqueous),,5 mV s-1,1 mA cm-2,,"316 F cm-3 (GCD, 1 mA cm-2)",
2,89,10.1016/j.electacta.2018.02.019,"2018, Qian et al.",Ti3C2Tx,"Ti3C2 with -OH, -F, =O terminations","LiF/HCl etching, DMSO delamination",Delaminated multilayer,1.305 nm (after 5000 cycles),,,,,40 µm,,2 M KCl (aqueous),,5 mV s-1,1 mA cm-2,,"508 F cm-3 (GCD, 1 mA cm-2)",
2,90,10.1038/s41467-020-19992-3,"2020, Gao et al.",Ti₃C₂Tₓ,"Ti₃C₂ with surface terminations (–OH, –F, =O)","HF/HCl etching of Ti₃AlC₂ MAX phase, LiCl delamination",Delaminated single layer,10.8 Å,~250 nm,,,High (qualitative),~10 µm,>1.8 mg cm⁻²,1 M EMIM-TFSI/Li-TFSI (1:1) in ACN,,10 mV s⁻¹,,50 F g⁻¹,,
2,91,10.1038/s41467-020-19992-3,"2020, Gao et al.",Ti₃C₂Tₓ,"Ti₃C₂ + knotted CNTs (17 wt%); thin ~15 nm, thick ~55 nm CNTs",HF/HCl etching + LiCl delamination; knotted CNTs via two-stage fluidized bed CVD; self-assembly vacuum filtration,Delaminated; 3D misaligned,15.8 Å,~250 nm,,,Reduced (qualitative),~10 µm,>1.8 mg cm⁻²,1 M EMIM-TFSI/Li-TFSI (1:1) in ACN,,10 mV s⁻¹,,130 F g⁻¹,276 F cm⁻³,
2,92,10.1038/s41467-020-19992-3,"2020, Gao et al.",Ti₃C₂Tₓ,Ti₃C₂ + knotted CNTs (9 wt%),HF/HCl etching + LiCl delamination; knotted CNTs via two-stage fluidized bed CVD; self-assembly vacuum filtration,Delaminated; partially disrupted stacking,14.7 Å,~250 nm,,,Partially reduced (qualitative),~10 µm,>1.8 mg cm⁻²,1 M EMIM-TFSI/Li-TFSI (1:1) in ACN,,10 mV s⁻¹,,~100 F g⁻¹,,
2,93,10.1038/s41467-020-19992-3,"2020, Gao et al.",Ti₃C₂Tₓ,Ti₃C₂ + commercial non-knotted MWCNTs (~35 nm uniform diameter),HF/HCl etching + LiCl delamination; commercial MWCNTs; self-assembly vacuum filtration,Delaminated; 2D stacked,,~250 nm,,,High (qualitative),,,1 M EMIM-TFSI/Li-TFSI (1:1) in ACN,,10–500 mV s⁻¹,,,,
2,95,10.1557/s43577-021-00150-z,"2021, Wang & Bannenberg",Ti₃C₂Tₓ,"Ti₃C₂ with –OH, –F, =O terminations",HF etching of Ti₃AlC₂ MAX phase; macropores via polymer nanosphere template + annealing,,,,,,,13–180 µm,,H₂SO₄ (acidic aqueous),,100 V s⁻¹,,,,
2,98,10.1557/s43577-021-00150-z,"2021, Wang & Bannenberg",Ti₃C₂Cl₂,Ti₃C₂ with –Cl terminations,Etching of Ti₃ZnC₂ in ZnCl₂ Lewis acidic molten salt,,,,,,,,,Li⁺-based organic electrolyte,,,,,,
2,99,10.1007/s40843-022-2243-2,"2022, Hu et al.",Ti3C2Tx,"Ti3C2 with -OH, -F, =O terminations",HF etching of Ti3AlC2 (6 mol/L HF),Multilayer,9.6 Å,,,,,,,1 mol/L H2SO4,,2 mV/s,,,,
2,100,10.1007/s40843-022-2243-2,"2022, Hu et al.",Ti3C2Tx,"Ti3C2 with -OH, -F, =O; Li+ intercalated","HF etching + 1 mol/L Li2SO4 immersion 36 h, dried 60°C",Multilayer,12.1 Å,,,,,,,1 mol/L H2SO4,,2 mV/s,,~150 F/g,,
2,101,10.1007/s40843-022-2243-2,"2022, Hu et al.",Ti3C2Tx,,"HF etching + 1 mol/L Na2SO4 immersion 36 h, dried 60°C",Multilayer,,,,,,,,1 mol/L H2SO4,,2 mV/s,,~180 F/g,,
2,102,10.1007/s40843-022-2243-2,"2022, Hu et al.",Ti3C2Tx,"Ti3C2 with -OH, -F, =O; K+ intercalated","HF etching + saturated K2SO4 immersion 36 h, dried 60°C",Multilayer,,,,,,,,1 mol/L H2SO4,,2 mV/s,,~220 F/g,,
2,103,10.1007/s40843-022-2243-2,"2022, Hu et al.",Ti3C2Tx,"Ti3C2 with -OH, -F, =O; Cs+ intercalated (dehydrated, pore center)","HF etching + 1 mol/L Cs2SO4 immersion 36 h, dried 60°C",Multilayer,12.6 Å,,,,,,,1 mol/L H2SO4,,2 mV/s,,254 F/g,,
2,104,10.1007/s40843-022-2243-2,"2022, Hu et al.",Ti3C2Tx,"Ti3C2 with -OH, -F, =O; Mg2+ intercalated","HF etching + 1 mol/L MgSO4 immersion 36 h, dried 60°C",Multilayer,,,,,,,,1 mol/L H2SO4,,,,,,
2,105,10.1007/s40843-022-2243-2,"2022, Hu et al.",Ti3C2Tx,"Ti3C2 with -OH, -F, =O; Zn2+ intercalated (dehydrated, uneven spacing)","HF etching + 1 mol/L ZnSO4 immersion 36 h, dried 60°C",Multilayer,~12.1 Å,,,,,,,1 mol/L H2SO4,,20 mV/s,,,,
2,106,10.1007/s40843-022-2243-2,"2022, Hu et al.",Ti3C2Tx,"Ti3C2 with reduced -F, increased =O/-OH; Cs+ intercalated","HF etching + 1 mol/L CsOH immersion 36 h, dried 60°C",Multilayer,~12.6 Å,,,,,,,1 mol/L H2SO4,,2 mV/s,,~725% of pristine,,
2,108,10.1002/smsc.202500367,"2025, Li et al.",Ti₃C₂Tₓ,"Ti₃C₂ with –F, =O, –OH terminations",MILD (LiF/HCl etching of Ti₃AlC₂),Multilayer,16.3–17.0 Å (0–1 V),,,,,~2 mm,~1–2 mg,1M LiCl,<10 m² g⁻¹,,0.03 A g⁻¹,62.8 F g⁻¹,,
2,109,10.1002/smsc.202500367,"2025, Li et al.",Ti₃C₂Tₓ,"Ti₃C₂ with –F, =O, –OH terminations",MILD (LiF/HCl etching of Ti₃AlC₂),Multilayer,15.6–17.3 Å (0–1 V),,,,,~2 mm,~1–2 mg,1M NaCl,<10 m² g⁻¹,,0.03 A g⁻¹,50.1 F g⁻¹,,
2,110,10.1002/smsc.202500367,"2025, Li et al.",Ti₃C₂Tₓ,"Ti₃C₂ with –F, =O, –OH terminations",MILD (LiF/HCl etching of Ti₃AlC₂),Multilayer,16.4–16.9 Å (0–1 V),,,,,~2 mm,~1–2 mg,1M KCl,<10 m² g⁻¹,,0.03 A g⁻¹,56.8 F g⁻¹,,
2,111,10.1002/smsc.202500367,"2025, Li et al.",Ti₃C₂Tₓ,"Ti₃C₂ with –F, =O, –OH terminations",MILD (LiF/HCl etching of Ti₃AlC₂),Multilayer,14.9–15.2 Å (0–1 V),,,,,~2 mm,~1–2 mg,1M RbCl,<10 m² g⁻¹,,0.03 A g⁻¹,49.9 F g⁻¹,,
2,112,10.1002/smsc.202500367,"2025, Li et al.",Ti₃C₂Tₓ,"Ti₃C₂ with –F, =O, –OH terminations",MILD (LiF/HCl etching of Ti₃AlC₂),Multilayer,"13.96–14.0 Å (1–0 V, negligible change)",,,,,~2 mm,~1–2 mg,1M CsCl,<10 m² g⁻¹,,0.03 A g⁻¹,44.9 F g⁻¹,,
2,113,10.1002/smsc.202500367,"2025, Li et al.",Ti₃C₂Tₓ,"Ti₃C₂ with –F, =O, –OH terminations",MILD (LiF/HCl etching of Ti₃AlC₂),Multilayer,14.24–14.49 Å (0–1 V),,,,,~2 mm,~1–2 mg,1M NH₄Cl,<10 m² g⁻¹,,,,,
3,0,10.1016/j.nanoen.2020.104886,"2020, Zhu et al.",Ti3C2Tx,Ti3C2 with surface termination groups (Tx),"LiF/HCl etching (MILD); 1g LiF + 20 mL 9M HCl, 35°C, 24h; vacuum filtration on PTFE membrane",Delaminated/few-layer,11.15 Å (XRD (002) peak at 7.87° 2θ),"0.2–2 µm (bimodal, SEM)",,,,,,1 M KOH,,5 mV s⁻¹,5 A g⁻¹,82 F g⁻¹ at 5 A g⁻¹,,
3,1,10.1016/j.nanoen.2020.104886,"2020, Zhu et al.",Ti3C2Tx (Expanded MXene),Ti3C2 with surface termination groups (Tx); crumpled/expanded morphology,"LiF/HCl etching + MgO hard template (≤50 nm, 200 mg MgO per 50 mg MXene); MgO removed with 3M acetic acid","Delaminated, crumpled layers",13.60 Å (expanded from 11.15 Å via MgO templating),0.2–2 µm (same precursor; MgO ≤50 nm),,,,,,1 M KOH,,5 mV s⁻¹,5 A g⁻¹,180 F g⁻¹ at 1 A g⁻¹; 112 F g⁻¹ at 5 A g⁻¹,,
3,2,10.1016/j.nanoen.2020.104886,"2020, Zhu et al.",Ti3C1.7Tx (MXene Foam),Ti3C1.7 with surface terminations; curved porous layers (carbon loss confirmed by EDX),"LiF/HCl etching + urea composite (200 mg urea per 50 mg MXene); pyrolyzed 550°C, Ar, 2h","Delaminated, porous foam architecture",Slightly decreased vs. pristine (H2O de-intercalation during pyrolysis; exact value not stated),,Macroporous (numerous macropores by SEM; no quantified %),,,,~3.5 mg cm⁻² (stated in symmetric device section),1 M KOH,,5 mV s⁻¹,5 A g⁻¹,203 F g⁻¹ at 5 A g⁻¹,,811 mF cm⁻² at 5 A g⁻¹
3,28,10.1039/c6ra27880a,"2017, Xia et al.",Ti₃C₂Tₓ,"NiO nanosheets on derived TiO₂/C-Ti₃C₂Tₓ MXene; –OH, –F, =O terminations; Ni²⁺ active sites",HF etching of Ti₃AlC₂ MAX + DMSO exfoliation; hydrothermal Ni(OH)₂ growth at 90°C for 4h; annealing at 400°C for 1h to form NiO,Multilayer (~10–70 layers),,,,21.1 nm,,,,1 M KOH (aqueous),77.5 m² g⁻¹,10 mV s⁻¹,1 A g⁻¹,60.7 mA h g⁻¹,92.0 mA h cm⁻³,
3,29,10.1039/c6ra27880a,"2017, Xia et al.",Ti₃C₂Tₓ,"Pristine Ti₃C₂ with –OH, –F, =O surface terminations; Ti:C:O:F = 27:15:11:10 (atomic ratio)",HF etching (50 wt%) of Ti₃AlC₂ MAX at room temperature for 24h; DMSO intercalation and sonication exfoliation,Multilayer (~10–70 layers),,,,24.1 nm,,40–220 nm (sheet thickness from FESEM),,1 M KOH (aqueous),10.0 m² g⁻¹,10 mV s⁻¹,1 A g⁻¹,8.2 mA h g⁻¹,,
3,53,10.1021/acsomega.3c02002,2023; Aravind et al.,Ti₃C₂Tₓ,Fluoride-free Ti₃C₂Tₓ; anodic decomposition of Al from Ti₃AlC₂,Electrochemical etching (binary aqueous electrolyte); in situ NH₄OH intercalation,Exfoliated sheets,,,,,,,,Binary aqueous electrolyte,,10 mV s⁻¹,,,439 F cm⁻³,
3,54,10.1021/acsomega.3c02002,2023; Aravind et al.,Ti₃C₂Tₓ,Ti₃C₂ with –Cl and –O terminations; F-free,Electrochemical etching in mixed LiOH/LiCl (Chen et al.),,Increased (–Cl large ionic size),,,,,,,LiOH + LiCl,,,,323.7 F g⁻¹,,
3,58,10.1021/acsomega.3c02002,2023; Aravind et al.,(Mo₂/₃Y₁/₃)₂C,Mo/Y carbide with in-plane elemental order; from (Mo₂/₃Y₁/₃)₂AlC i-MAX,Etching of i-MAX phase (Al removal; Persson et al.),Film,,,,,,1.2 µm,,1 M KOH,,2 mV s⁻¹,,,1500 F cm⁻³,
3,59,10.1021/acsomega.3c02002,2023; Aravind et al.,Mo₁.₃₃CTₓ,Mo carbide with in-plane vacancy ordering; from (Mo₂/₃Sc₁/₃)₂AlC,HF etching (selective etching of Al and Sc; Halim et al.),,,,,,,2 µm,,1 M H₂SO₄,,2 mV s⁻¹,,,1100–1308 F cm⁻³,
3,91,10.1088/2515-7639/ab78f1,"Tontini et al., 2020",Ti₃C₂Tₓ,"Ti₃C₂ with –OH, –F, =O terminations, ultra-thin film",Delamination + vacuum filtration,,,,,,,90 nm,,3 M H₂SO₄,,10 mV s⁻¹,,450 F g⁻¹,,
3,92,10.1088/2515-7639/ab78f1,"Tontini et al., 2020",Ti₃C₂Tₓ,"Ti₃C₂ clay, rolled compact film",Rolling of MXene-clay,,,,,,,5 µm,,1 M H₂SO₄,,2 mV s⁻¹,,246 F g⁻¹,,
3,93,10.1088/2515-7639/ab78f1,"Tontini et al., 2020",Ti₃C₂Tₓ,"Ti₃C₂ clay, rolled compact film",Rolling of MXene-clay,,,,,,,30 µm,,1 M H₂SO₄,,2 mV s⁻¹,,182 F g⁻¹,,
3,94,10.1088/2515-7639/ab78f1,"Tontini et al., 2020",Ti₃C₂Tₓ,"Ti₃C₂ clay, rolled compact film",Rolling of MXene-clay,,,,,,,75 µm,,1 M H₂SO₄,,2 mV s⁻¹,,161 F g⁻¹,,
3,95,10.1088/2515-7639/ab78f1,"Tontini et al., 2020",Ti₃C₂Tₓ,Ti₃C₂ porous particles with carbon black,Low-concentration freeze-drying + slurry,,,,,,,4 µm,1 mg cm⁻²,1 M NaCl / 6 M KOH,,5 mV s⁻¹,,156 F g⁻¹ (NaCl); 205 F g⁻¹ (KOH),,
3,96,10.1088/2515-7639/ab78f1,"Tontini et al., 2020",Ti₃C₂Tₓ,"Ti₃C₂ hollow spheres, macroporous film",PMMA sacrificial template + vacuum filtration,,,200 nm–2 µm,,,,13 µm,0.43 mg cm⁻²,3 M H₂SO₄,,10 mV s⁻¹,,316 F g⁻¹,,
3,97,10.1088/2515-7639/ab78f1,"Tontini et al., 2020",Ti₃C₂Tₓ,"Ti₃C₂ hollow spheres, macroporous film",PMMA sacrificial template + vacuum filtration,,,200 nm–2 µm,,,,25 µm,0.9 mg cm⁻²,3 M H₂SO₄,,10 mV s⁻¹,,314 F g⁻¹,,
3,98,10.1088/2515-7639/ab78f1,"Tontini et al., 2020",Ti₃C₂Tₓ,"Ti₃C₂ hollow spheres, macroporous film",PMMA sacrificial template + vacuum filtration,,,200 nm–2 µm,,,,180 µm,4.3 mg cm⁻²,3 M H₂SO₄,,10 mV s⁻¹,,310 F g⁻¹,,
3,99,10.1088/2515-7639/ab78f1,"Tontini et al., 2020",Mo₂CTₓ,"Mo₂C hollow spheres, macroporous film",PMMA sacrificial template + vacuum filtration,,,200 nm–2 µm,,,,30 µm,0.6 mg cm⁻²,3 M H₂SO₄,,,3 mA cm⁻²,160 F g⁻¹,,
3,100,10.1088/2515-7639/ab78f1,"Tontini et al., 2020",Ti₃C₂Tₓ/Bacterial Cellulose,"Ti₃C₂ with bacterial cellulose, macroporous foam",MXene + bacterial cellulose assembly,,,,,,,,5 mg cm⁻²,3 M H₂SO₄,,3 mA cm⁻²,,416 F g⁻¹,,2084 mF cm⁻²
3,101,10.1088/2515-7639/ab78f1,"Tontini et al., 2020",Ti₃C₂Tₓ,"Ti₃C₂ with EDA functionalization, aerogel",EDA functionalization + freeze-drying,,,,,,,,2 mg cm⁻²,1 M KOH,176.3 m² g⁻¹,2 mV s⁻¹,,87 F g⁻¹,,
3,102,10.1088/2515-7639/ab78f1,"Tontini et al., 2020",Ti₃C₂Tₓ,"Ti₃C₂ with EDA functionalization, aerogel",EDA functionalization + freeze-drying,,,,,,,,15 mg cm⁻²,1 M KOH,,2 mV s⁻¹,,68 F g⁻¹,,
3,103,10.1088/2515-7639/ab78f1,"Tontini et al., 2020",Ti₃C₂Tₓ,Ti₃C₂ freeze-cast aerogel,Uncontrolled freeze-casting,,,,,,,,,1 M Na₂SO₄,,2 mV s⁻¹,,67 F g⁻¹,,
3,104,10.1088/2515-7639/ab78f1,"Tontini et al., 2020",Ti₃C₂Tₓ/NiO,"Ti₃C₂ with 50 wt% NiO, freeze-cast composite aerogel",Freeze-casting + NiO composite,,,,,,,,,1 M Na₂SO₄,,2 mV s⁻¹,,77 F g⁻¹,,
3,105,10.1088/2515-7639/ab78f1,"Tontini et al., 2020",Ti₃C₂Tₓ,"Ti₃C₂ with thiourea dioxide/NH₃ functionalization, aerogel; density ~27 mg cm⁻³",Thiox + ammonia functionalization + freeze-drying,,,,,,,,0.14 mg cm⁻²,3 M H₂SO₄,,10 mV s⁻¹,,438 F g⁻¹,,
3,106,10.1088/2515-7639/ab78f1,"Tontini et al., 2020",Ti₃C₂Tₓ,"Ti₃C₂ with thiourea dioxide/NH₃ functionalization, aerogel; high mass loading",Thiox + ammonia functionalization + freeze-drying,,,,,,,,1.82 mg cm⁻²,3 M H₂SO₄,,10 mV s⁻¹,,427 F g⁻¹,,
3,107,10.1088/2515-7639/ab78f1,"Tontini et al., 2020",Ti₃C₂Tₓ,"Ti₃C₂ with Fe²⁺ cation-induced gelation, freeze-dried aerogel",Fe²⁺ cation-induced gelation + freeze-drying,,,,,,,,,3 M H₂SO₄,27 m² g⁻¹,,,272 F g⁻¹,,
3,108,10.1088/2515-7639/ab78f1,"Tontini et al., 2020",Ti₃C₂Tₓ,Ti₃C₂ unidirectional freeze-cast aerogel; porosity >99%,Unidirectional freeze-casting (5°C min⁻¹ to −70°C),,,,>99%,Lamellar spacing 28–48 µm,,10 mm,,3 M H₂SO₄,,10 mV s⁻¹,,282 F g⁻¹,3 F cm⁻³,
3,109,10.1088/2515-7639/ab78f1,"Tontini et al., 2020",Ti₃C₂Tₓ,"Ti₃C₂ rolled freeze-cast aerogel, high density (~1 g cm⁻³)",Unidirectional freeze-casting + calendaring,,,,,~1 µm (accessible pores),,60 µm,,3 M H₂SO₄,,10 mV s⁻¹,,315 F g⁻¹,323 F cm⁻³,
3,110,10.1088/2515-7639/ab78f1,"Tontini et al., 2020",Ti₃C₂Tₓ,"Ti₃C₂ rolled freeze-cast aerogel, low density (0.434 g cm⁻³)",Unidirectional freeze-casting + calendaring (slice),,,,,~1 µm (accessible pores),,60 µm,,3 M H₂SO₄,,10 mV s⁻¹,,421 F g⁻¹,183 F cm⁻³,
3,111,10.1088/2515-7639/ab78f1,"Tontini et al., 2020",Ti₃C₂Tₓ,"Ti₃C₂ vertically aligned array on Cu, all-solid-state supercapacitor",Concentrated HF etching + Cu sacrificial template + KOH treatment,Accordion-like multilayer,Expanded via KOH treatment,,,,,5 µm,,PVA-H₃PO₄,,,,485 F g⁻¹,,
3,112,10.1088/2515-7639/ab78f1,"Tontini et al., 2020",Ti₃C₂Tₓ,"Ti₃C₂ vertically aligned array on Cu, all-solid-state supercapacitor",Concentrated HF etching + Cu sacrificial template + KOH treatment,Accordion-like multilayer,Expanded via KOH treatment,,,,,50 µm,,PVA-H₃PO₄,,,,354 F g⁻¹,,
3,113,10.1088/2515-7639/ab78f1,"Tontini et al., 2020",Ti₃C₂Tₓ/rGO,"Ti₃C₂ with rGO, self-healing freeze-cast aerogel MSC; density 0.012 g cm⁻³",rGO composite + freeze-casting + polyurethane matrix,,,,,,,,,PVA-H₂SO₄,,,,,,34.6 mF cm⁻²
3,114,10.1088/2515-7639/ab78f1,"Tontini et al., 2020",N-Ti₃C₂Tₓ/AC/CNT/GO,"N-doped Ti₃C₂ with activated carbon, CNTs, GO composite ink",N-doped MXene + extrusion 3D printing + freeze-drying,,,,,,,1.65 mm (1 layer),21.67 mg cm⁻²,PVA-H₂SO₄,,,,142 F g⁻¹,,142 mF cm⁻²
3,115,10.1088/2515-7639/ab78f1,"Tontini et al., 2020",N-Ti₃C₂Tₓ/AC/CNT/GO,"N-doped Ti₃C₂ with activated carbon, CNTs, GO composite ink",N-doped MXene + extrusion 3D printing + freeze-drying,,,,,,,3.3 mm (2 layers),42.25 mg cm⁻²,PVA-H₂SO₄,,,,120 F g⁻¹,,
3,116,10.1088/2515-7639/ab78f1,"Tontini et al., 2020",Ti₃C₂Tₓ,"Ti₃C₂ additive-free, 3D printed freestanding MSC; flake size 8 µm, 1–3 layers",Additive-free extrusion 3D printing (250–330 µm nozzle) + freeze-drying,1–3 layers,,8 µm (average lateral size),,,,,8.5 mg cm⁻²,PVA-H₂SO₄,177 m² g⁻¹,1.7 mA cm⁻²,,242 F g⁻¹,,2100 mF cm⁻²
3,117,10.1021/acsenergylett.8b00718,2018; Yu et al.,Ti₃C₂Tₓ,Ti₃C₂ with surface terminations (Tₓ),Colloidal solution synthesis (ref. Alhabeb et al. 2017),Delaminated nanosheets; no explicit count,(002) peak at 2θ = 7.24°; d-spacing value not explicitly calculated,1–3 µm,,,,,,1 mol L⁻¹ Et₄NBF₄/AN,4.66 m² g⁻¹,10 mV s⁻¹,0.1 A g⁻¹,17 F g⁻¹,,
3,119,10.1021/acsenergylett.8b00718,2018; Yu et al.,Ti₃C₂Tₓ,"AC + Ti₃C₂Tₓ MXene, mass ratio AC:MXene = 1:1",Vacuum-assisted filtration of AC + MXene aqueous dispersion,"Delaminated, lamellar; no explicit count",,1–3 µm (MXene lateral size),,1–3 nm,,~20 µm,,1 mol L⁻¹ Et₄NBF₄/AN,,10 mV s⁻¹,0.1 A g⁻¹,88 F g⁻¹,,
3,120,10.1021/acsenergylett.8b00718,2018; Yu et al.,Ti₃C₂Tₓ,"AC + Ti₃C₂Tₓ MXene, mass ratio AC:MXene = 2:1",Vacuum-assisted filtration of AC + MXene aqueous dispersion,"Delaminated, lamellar; no explicit count",,1–3 µm (MXene lateral size),,1–3 nm,,~26 µm,,1 mol L⁻¹ Et₄NBF₄/AN,,10 mV s⁻¹,0.1 A g⁻¹,126 F g⁻¹,38 F cm⁻³,
3,121,10.1021/acsenergylett.8b00718,2018; Yu et al.,Ti₃C₂Tₓ,"AC + Ti₃C₂Tₓ MXene, mass ratio AC:MXene = 4:1",Vacuum-assisted filtration of AC + MXene aqueous dispersion,"Delaminated, lamellar; no explicit count",,1–3 µm (MXene lateral size),,1–3 nm,,~30 µm,,1 mol L⁻¹ Et₄NBF₄/AN,2090 m² g⁻¹,10 mV s⁻¹,0.1 A g⁻¹,138 F g⁻¹,37 F cm⁻³,
4,0,10.1016/j.desal.2019.114267,2020; Agartan et al.,Ti₃C₂Tₓ,"Ti₃C₂ with surface terminations (–OH, –F, =O); ~10% pre-existing Ti oxidation before tests","HF etching (30% HF aqueous, 24 h, 35 °C) of Ti₃AlC₂ MAX phase",Multilayer,,,,,,~140 µm,,"10 mM ""NaCl""",,5 mV s⁻¹,,,,
4,3,10.1016/j.cej.2020.126827,2021; Anwer et al.,Ti₃C₂Tₓ,"Ti₃C₂ with –OH, –F, =O terminations",Modified-MILD (LiF/HCl etching),Few-layer / ultrathin delaminated,~1.2 nm,2–4 µm,,,,,1 mg,1 M NaCl,,10 mV s⁻¹,2 A g⁻¹,142 F g⁻¹,,
4,4,10.1007/s10934-025-01817-7,2025; Karthikeyan et al.,Ti₃C₂Tₓ,"Ti₃C₂ with –O, –OH, –F surface terminations","MILD (LiF/HCl etching) followed by hydrothermal compositing with GO at 140 °C, 6 h",Few-layer (single-layer Ti₃C₂Tₓ nanoflakes observed),,2.2 ± 0.5 µm,,4.8 nm (range 2–5 nm),,,,1 M KOH,174 m² g⁻¹,10 mV s⁻¹,1 A g⁻¹,335 C g⁻¹,412.4 F cm⁻³,
4,5,10.1002/adfm.202005663,2020; Fang et al.,Ti₃C₂Tₓ,"Ti₃C₂ with –OH, –F, =O, and C–Ti–Fₓ surface groups",Spray-lyophilization of 2D Ti₃C₂Tₓ (etched from Ti₃AlC₂); 3D architecture formed by spraying aqueous dispersion into boiling liquid N₂ followed by vacuum drying,Few-layer,1.35 nm,,,~100 nm,,"75, 150, 200 µm",0.4–1.2 mg cm⁻²,0.8 M KPF₆ in EC:DEC (1:1 vol%),32.3 m² g⁻¹ (3D-Ti₃C₂); 4.7 m² g⁻¹ (2D-Ti₃C₂),0.5–8.0 mV s⁻¹,0.05–2.0 A g⁻¹ (rate); 1.0 A g⁻¹ (long-term cycling),,,
4,6,10.1016/j.nanoen.2020.104741,"2020, Feng et al.","Ti3C2Tx (Mn2+-intercalated, MIT)","Ti3C2Tx with –OH, –O and –F surface terminations; Mn2+ intercalated and preferentially bonded with O-containing groups (Mn–O confirmed by XPS/DFT)","MILD route: LiF/HCl etching of Ti3AlC2 MAX, followed by MnCl2-solution Mn2+ intercalation and ultrasonic exfoliation",,1.6 nm (MIT); 1.3 nm (raw Ti3C2Tx),~200 nm,,,,2.5 µm (MIT film),"1.75 mg (MIT); 1.66 mg (raw Ti3C2Tx), total electrode mass per device; not normalized per cm2",PVA/H3PO4 gel electrolyte (all-solid-state),,2 mV s-1,0.1 mA cm-2,,,87 mF cm-2 (MIT); 77.5 mF cm-2 (raw Ti3C2Tx) at 2 mV s-1
4,9,10.1016/j.cej.2019.123329,"2019, Ma et al.",Ti3C2Tx,"Ti3C2Tx with –O, –OH and –F terminations; termination ratio –O:–OH:–F = 0.21:0.35:0.43, confirmed by XPS","MILD route: LiF/HCl etching of Ti3AlC2 MAX (1 g LiF + 20 mL 9 M HCl, 40 °C, 24 h), followed by sonication under Ar and vacuum filtration",Few-layer to single-layer after ultrasonic delamination; confirmed by SEM/TEM,1.28 nm from XRD (002) peak at 2θ = 6.87°; consistent with TEM,,,,,,,1 M NaCl for electrochemistry; 10 mM NaCl for CDI feed,2.1 m² g⁻¹,"1, 5, 10, 20 and 50 mV s⁻¹",100 mA g⁻¹,127.76 F g⁻¹ (≈31.94 mAh g⁻¹) at 100 mA g⁻¹ in 1 M NaCl,,
4,10,10.1007/s11771-022-4893-0,"2022, Min et al.",Ti3C2Tx (monolayer),"Ti3C2Tx with –O, –OH and –F surface terminations; Ti–O, Ti–OH and Ti–F bonds detected by XPS","HF etching route: 40% HF for 24 h at 25 °C, followed by absolute ethyl alcohol intercalation–delamination and vacuum freeze-drying",Monolayer; delaminated from multilayer Ti3C2Tx,"4.669 Å, d(002) from SAED for monolayer Ti3C2Tx; XRD (002) shifted from 9.52° to 5.07°",1.105–1.612 µm,,"~2–4 nm (mesoporous), from pore size distribution; H3-type hysteresis indicates mesopores",,0.8 nm monolayer nanosheet thickness from AFM; multilayer thickness was 23.3 nm,"~1 mg total on glassy carbon working electrode, not areal; CDI electrode used ~200 mg on 100×100 mm plate",1.0 mol L-1 NaCl for CV; 1 g L-1 NaCl for EIS; 10–2000 mg L-1 NaCl for CDI,235.6 m² g⁻¹,10 mV s⁻¹,,"144.7 F g⁻¹ at 10 mV s⁻¹; 133.9, 125.5 and 118.2 F g⁻¹ at 20, 50 and 100 mV s⁻¹",,
4,13,,,V2CTx/Ti3C2Tx composite; best electrode V/T-30% (30 wt% V2CTx),"Vanadium carbide (V2C) particles plus titanium carbide (Ti3C2) sheets with –F, –O and –OH surface terminations; Tx defined in introduction",LiF/HCl MILD etching for Ti3C2Tx; NaF/HCl etching at 90 °C for 72 h for V2CTx; vacuum filtration to form binder-free composite film,Delaminated few-layer Ti3C2Tx matrix plus multilayer V2CTx pillars; stated as d-Ti3C2Tx and ml-V2CTx,,,,,,,,1 M H2SO4 for three-electrode testing; 3 M H2SO4 for symmetric supercapacitor,,2 mV s⁻¹,1 A g⁻¹,356 F g⁻¹ for V/T-30% film at 2 mV s⁻¹ in 1 M H2SO4,,
4,14,,"2022, Yang et al.",Ti3C2Tx,"Ti3C2Tx with –OH and –F surface terminations; confirmed by FTIR (O–H at 3431 cm⁻¹, hydroxyl at 1620 cm⁻¹, C–F at 1108 cm⁻¹) and XPS","Sacrificial PS-template method plus in-situ PANI polymerization; PS removed at 400 °C for 2 h, and aniline polymerized with APS in 0.1 M HCl at 4 °C for 12 h","Few-layer; few-layered structures after ultrasonic treatment shown by SEM/TEM, but no explicit count","14.4692 Å for composite vs 13.5896 Å for pristine Ti3C2Tx, from XRD (002); expansion of 0.8796 Å",,,"23.45 nm average; distribution at 52.42, 25.76 and 16.07 nm from BJH N2 adsorption",,,,1 M NaCl for CDI/electrochemistry; 1 M KOH for electrochemistry; CDI uses 500 mg L-1 NaCl feed,74 m² g⁻¹,10 mV s⁻¹,,102 F g⁻¹ in 1 M NaCl per abstract/conclusion; 125.85 F g⁻¹ in 1 M NaCl in results; 515.75 F g⁻¹ in 1 M KOH,,
4,16,,"2022, Murugesan & Nagamuthu Raja",Ti3C2Tx,"Ti3C2Tx with –OH, –F, –O and =O surface terminations; confirmed by XPS (Ti 2p, C 1s, O 1s and F 1s)","Direct HF etching: 30 wt% HF for 5 h at room temperature, 750 rpm; 250 mg Ti3AlC2 in 50 mL HF",Multilayer; FESEM shows distinctly separated layers post-etching,10.1 Å from XRD (002) peak; expanded from 9.8 Å for MAX phase,,,,,,1 mg cm⁻²; 1 mg active material on 1×1 cm² grafoil sheet,3 M KOH (best); 3 M Na2SO4 compared,,5 mV s⁻¹,2 A g⁻¹,92 F g⁻¹ in 3 M KOH at 2 A g⁻¹; 75 F g⁻¹ in 3 M Na2SO4,,
4,18,10.1016/j.ceramint.2018.05.055,"2018, Ramachandran et al.",Ti3C2Tx,Ti3C2 with -OH and -F terminations; combined with Co-MOF on Ni foam; intercalation pseudocapacitance,HF etching of Ti3AlC2 at 50C for 36 h; in-situ hydrothermal with Co-MOF at 120C for 12 h,Multilayer,,,,14.79 nm,,,5 +/- 0.1 mg,3 M KOH,14.012 m2 g-1,2 mV s-1,3 mA cm-2,3741 F g-1,,18.7 F cm-2
4,19,10.1002/aenm.201502290,"2016, Come et al.",Ti3C2Tx,Ti3C2(OH/O/F),"HF etching of Ti3AlC2, DMSO intercalation, sonication, vacuum filtration to free-standing paper",,,,,,,2 μm,,1 M Li2SO4 (aqueous),,5 mV s⁻¹ (pre-cycling); 2 mV s⁻¹ (in-situ CR-AFM scans),,,,
4,20,10.1002/aenm.201502290,"2016, Come et al.",Ti3C2Tx,Ti3C2(OH/O/F),"HF etching of Ti3AlC2, DMSO intercalation, sonication, vacuum filtration to free-standing paper",,,,,,,2 μm,,0.5 M K2SO4 (aqueous),,5 mV s⁻¹ (pre-cycling); 2 mV s⁻¹ (in-situ CR-AFM scans),,,,
4,24,10.1007/s13391-016-6088-z,"2016, Wang et al.",Ti₃C₂Tₓ,"Ti₃C₂ with –O, –OH, –F surface terminations","Hydrothermal etching with NH₄F (150 °C, 24 h)",,12.46 Å,,,18.26 nm,,0.12 mm,,3 M KOH,47.25 m² g⁻¹,1–40 mV s⁻¹,2 A g⁻¹,,141 F cm⁻³,
4,25,10.1016/j.nanoen.2019.103991,"2019, Allah et al.",Ti3C2Tx,"Ti3C2 with -OH, -F, =O terminations hybridized with N-doped ordered mesoporous carbon (NOMC); N-6 (21%), N-5, N-Q, N-X (26%) species confirmed by XPS","HF etching of Ti3AlC2 (60°C, 18h) + TMAOH delamination (RT, 18h) + sonication (2h); PMF/P123 micelle self-assembly on MXene surface; hydrothermal 130°C, 20h; carbonization 900°C, 4h, N2 atmosphere, ramping rate 5°C min-1",Delaminated (exfoliated single/few-layer nanosheets),,"Several micrometers lateral (SEM, Fig. S1); individual layer thickness: NOMC 10-30 nm, Ti3C2Tx 10-15 nm (cross-section TEM, Fig. 2c)",,,,,"~1 mg cm-2 (calculated from 2 mg/400 µL ink, 200 µL deposited on 1×1 cm2 graphite paper)","3 M KOH (aqueous, three-electrode system)",1023 m2 g-1 (BET),5 mV s-1 (CV comparison condition),1 A g-1 (GCD condition for best capacitance),329 F g-1 at 1 A g-1 (three-electrode); 276 F g-1 at 1 A g-1 (symmetric cell),823 F cm-3 at 1 A g-1 (three-electrode); 690 F cm-3 at 1 A g-1 (symmetric cell),
4,26,10.1016/j.nanoen.2019.103991,"2019, Allah et al.",Ti3C2Tx,"Ti3C2 with surface terminations (-OH, -F, =O); as-prepared delaminated form used as electrode (no calcination step)","HF etching of Ti3AlC2 (60°C, 18h) + TMAOH delamination + sonication; no NOMC step",Delaminated (exfoliated single/few-layer nanosheets),,"Several micrometers (lateral, from SEM)",,Mesopores only (from interlayer space); no explicit diameter value given,,,"~1 mg cm-2 (calculated from same ink preparation: 2 mg/400 µL ink, 200 µL on 1×1 cm2)","3 M KOH (aqueous, three-electrode system)",149 m2 g-1 (BET),5 mV s-1 (CV comparison condition),1 A g-1 (GCD condition),230 F g-1 at 1 A g-1; retains 25% (57.5 F g-1) at 50 A g-1,,
4,28,10.1039/C6NR01462C,"2016, Mashtalir et al.",Ti₃C₂Tₓ,"Ti₃C₂ with –OH, –F, =O surface terminations","HF etching of Ti₃AlC₂ MAX phase (50% HF aq., RT, 18 h); washed 6–8× with DI water to pH ≈ 6; filtered through polypropylene membrane, washed with ethanol, dried under vacuum (<10 Torr, RT, 24 h)",Multilayer,20.2 Å (c-lattice parameter from XRD (0002) peak),,,,,70 µm,,1 M H₂SO₄ (aq.),,1–100 mV s⁻¹,"0.1, 1, 10 A g⁻¹",,,
4,29,10.1039/C6NR01462C,"2016, Mashtalir et al.",Ti₃C₂Tₓ/N₂H₄,Ti₃C₂ with reduced –OH/–F terminations; intercalated N₂H₄ monolayer; ~46% of initial H content retained (by INS),"HF etching of Ti₃AlC₂ MAX phase (50% HF aq., RT, 18 h); wet powder suspended in hydrazine monohydrate (HM:MXene = 10:1 wt), stirred 24 h at RT; filtered, washed with ethanol, dried under vacuum (<10 Torr, RT, 24 h)",Multilayer; ~100 nm-thick lamellas after intercalation (SEM); crystalline size along c = 20.4 nm (Scherrer formula),25.4 Å (c-lattice parameter from XRD (0002) peak after HM treatment; increased from 20.2 Å),,,,,70 µm,,1 M H₂SO₄ (aq.); 0.5 M K₂SO₄ (aq.); 1 M LiClO₄ in EC:DMC (1:1 v/v),,1–100 mV s⁻¹,"0.1, 1, 10 A g⁻¹ (GCD); 5 A g⁻¹ (cycling stability test, Fig. 4c)","215 F g⁻¹ (GCD at 5 A g⁻¹, 1 M H₂SO₄, from results section); 250 F g⁻¹ (stated in abstract, acidic electrolyte)","250 F cm⁻³ (GCD at 5 A g⁻¹, 1 M H₂SO₄)",
4,32,10.1039/C8TA05807E,"2018, VahidMohammadi et al.",Ti3C2Tx/PANI,"Ti3C2Tx + PANI (~3.2 wt%); -OH, -F, =O terminations",MILD + oxidant-free in situ PANI polymerization,Delaminated (single-layer),13.53 Å (c-LP = 27.05 Å; +0.75 Å vs pristine),,,,,4 µm,1.34 mg cm-2,3 M H2SO4,,2 mV s-1,,503 F g-1,1682 F cm-3,
4,33,10.1039/C8TA05807E,"2018, VahidMohammadi et al.",Ti3C2Tx/PANI,"Ti3C2Tx + PANI (~3.2 wt%); -OH, -F, =O terminations",MILD + oxidant-free in situ PANI polymerization,Delaminated (single-layer),13.53 Å (c-LP = 27.05 Å; +0.75 Å vs pristine),,,,,13 µm,3.3 mg cm-2,3 M H2SO4,,2 mV s-1,,458 F g-1,1163 F cm-3,
4,34,10.1039/C8TA05807E,"2018, VahidMohammadi et al.",Ti3C2Tx/PANI,"Ti3C2Tx + PANI (~3.2 wt%); -OH, -F, =O terminations",MILD + oxidant-free in situ PANI polymerization,Delaminated (single-layer),13.53 Å (c-LP = 27.05 Å; +0.75 Å vs pristine),,,,,20 µm,5.03 mg cm-2,3 M H2SO4,,10 mV s-1,,~325 F g-1,1129 F cm-3,2.26 F cm-2
4,35,10.1039/C8TA05807E,"2018, VahidMohammadi et al.",Ti3C2Tx/PANI,"Ti3C2Tx + PANI (~3.2 wt%); -OH, -F, =O terminations",MILD + oxidant-free in situ PANI polymerization,Delaminated (single-layer),13.53 Å (c-LP = 27.05 Å; +0.75 Å vs pristine),,,,,45 µm,13.84 mg cm-2,3 M H2SO4,,2 mV s-1,,371 F g-1,1141 F cm-3,
4,36,10.1039/C8TA05807E,"2018, VahidMohammadi et al.",Ti3C2Tx/PANI,"Ti3C2Tx + PANI (~3.2 wt%); -OH, -F, =O terminations",MILD + oxidant-free in situ PANI polymerization,Delaminated (single-layer),13.53 Å (c-LP = 27.05 Å; +0.75 Å vs pristine),,,,,90 µm,23.82 mg cm-2,3 M H2SO4,,2 mV s-1,,336 F g-1,~889 F cm-3,~8 F cm-2
4,37,10.1016/j.electacta.2017.03.073,2017; Lorencova et al.,Ti3C2Tx,"Ti3C2 with =O, -OH, -F surface terminations",HF etching (50 wt%) of Ti3AlC2 + DMSO intercalation + sonication (1 min),Multi-layer / delaminated; monolayer thickness 1.1 +/- 0.1 nm,"14.5 Ang (XRD, 2theta=6.09 deg, exfoliated); 9.28 Ang (2theta=9.52 deg, non-exfoliated)",123 +/- 7 nm (AFM),,,,7.8 +/- 0.8 nm (AFM film height),,0.1 M phosphate buffer pH 7.0 (aqueous),,100 mV/s (CV),596 mA cm-2 mM-1 (H2O2 sensitivity at -500 mV),,,
4,38,10.1016/j.electacta.2017.03.073,2017; Lorencova et al.,oTi3C2Tx (oxidized),"Ti3C2 with increased =O/-OH, reduced -F; TiO2 domains on surface (F: 18.8% -> 3.8 at.%; Ti: 9.2% -> 4.4 at.% by XPS)","Electrochemical oxidation of Ti3C2Tx via LSV (0 to +500 mV, 100 mV/s) in 0.1 M PB pH 7.0",Multi-layer / delaminated (reduced thickness); monolayer thickness 0.9 +/- 0.1 nm,,,,,,2.2 +/- 0.9 nm (AFM; decreased vs. pristine due to TiO2 dissolution),,0.1 M phosphate buffer pH 7.0 (aqueous),,100 mV/s (CV),330 mA cm-2 at -590 mV (ORR in 0.1 M H2SO4; inferior to pristine 500 mA cm-2),,,
4,39,10.1016/j.flatc.2018.01.001,2018; Wang et al.,Ti3C2Tx,,"HF etching of Ti3AlC2 (48% HF, 50°C, 24 h) followed by 1 M NaOH intercalation/exfoliation (24 h)",Multilayer (total thickness 2-5 µm by SEM),1.11 nm (HRTEM); c-lattice 23.15 Å (XRD 002 peak at 7.2°),,,,,,,1 M NaCl (aqueous),,2 mV s-1,,~100 F g-1 (approx. from Fig. 5c at 2 mV s-1),~300 F cm-3 (approx. from Fig. 5d at 2 mV s-1),
4,40,10.1016/j.flatc.2018.01.001,2018; Wang et al.,Ti3C2Tx (TiO2@Ti3C2Tx after plasma),Ti3C2 core (>200 nm depth) with TiO2 and amorphous carbon surface layer (~200 nm); -F terminals fully removed; -OH/=O increased,"HF etching → 1 M NaOH intercalation → Ar plasma (400 W, 650°C, 15 min, 10-4 mbar, 400 sccm Ar)",Few-layer (further delaminated vs NaOH sample; c-lattice 25.30 Å),1.23 nm (HRTEM); c-lattice 25.30 Å (XRD 002 peak),,,,,,,1 M NaCl (aqueous),,2 mV s-1,,~200 F g-1 (approx. from Fig. 5c at 2 mV s-1),~550 F cm-3 (approx. from Fig. 5d at 2 mV s-1),
4,41,10.1088/0957-4484/27/17/172001,"2016, Yoon et al.",Ti₃C₂Tₓ,"Ti₃C₂ with –OH, –F, =O terminations",HF etching of Ti₃AlC₂ MAX phase,Multilayer (~10 layers average),20 Å,,,,,,,1 M KOH; 1 M NaOH,>30 m² g⁻¹,,,,>350 F cm⁻³,
4,43,10.1088/0957-4484/27/17/172001,"2016, Yoon et al.",Ti₃C₂Tₓ / PVA composite,Ti₃C₂Tₓ with polyvinyl alcohol (PVA); zeta potential −39.5 mV,MXene/PVA nanocomposite via cationic polymer interaction,,,,,,,,,KOH,,2 mV s⁻¹,,,~500 F cm⁻³,
4,46,10.1016/j.electacta.2017.01.025,"2017, Lu et al.",Ti3C2Tx,"Ti3C2 with -OH, -F, =O terminations",HF chemical etching of Ti3AlC2,Multilayer (layered structure),9.5508 nm (XRD (002) peak),,,,,,,1 M KOH,8.2 m2/g (cited from Zhu et al. [28]),10 mV/s,1 A/g,66.4 F/g at 10 mV/s,,
4,47,10.1016/j.electacta.2017.01.025,"2017, Lu et al.",Ti3C2Tx,"Ti3C2Tx with TiO2 nanoparticles (anatase, 40-70 nm)","In situ hydrothermal oxidation at 180°C, 24 h, pH 0.5",Layered (retains Ti3C2Tx structure),9.6651 nm (XRD (002) shifted to lower angle after oxidation),,,,,,,1 M KOH,"15.5 m2/g (BET, N2 adsorption-desorption)",10 mV/s,1 A/g,99.7 F/g at 10 mV/s,,
4,48,10.1016/j.electacta.2017.01.025,"2017, Lu et al.",Ti3C2Tx,"Ti3C2Tx with TiO2 nanoparticles and PANI nanoflakes; XPS confirms Ti-C, TiO2, quinoid imine (-N=), benzenoid amine (-NH-) groups","Hydrothermal oxidation (180°C, 24 h) + in situ oxidative polymerization of aniline with APS at 0-2°C, 6 h",Hierarchical layered (thicker than pristine Ti3C2Tx due to PANI loading),,PANI nanoflakes: tens of nm; TiO2 nanoparticles: 40-70 nm (SEM/TEM),,"4, 7, 17, 32 nm (four BJH peaks; mesoporous)",,,,1 M KOH,"36.3 m2/g (BET, N2 adsorption-desorption)",10 mV/s,0.5 A/g,188.3 F/g at 10 mV/s (CV); 108.9 F/g at 0.5 A/g (GCD),,435.4 mF/cm2 at 0.5 A/g
4,49,,"2019; Habib, I.",Ti₂CTₓ,"Ti₂C with –F, =O, –OH surface terminations; O-dominant over F","LiF/HCl etching of Ti₂AlC MAX phase; 40–45°C, 96 h",Multilayer,6.86 ± 0.5 and 6.43 ± 0.2 Å (two (002) peaks at 2θ = 7.5° and 8°),,,,,,3.28 ± 0.005 mg (total electrode on 12 mm carbon paper; not area-normalised),1 M H₂SO₄ (aqueous),18 ± 0.2 m² g⁻¹ (BET measured),5–200 mV s⁻¹,0.25–5 A g⁻¹,103.98 ± 0.16 F g⁻¹ at 0.25 A g⁻¹ (2-electrode symmetric T-type Swagelok),,
4,50,,"2019; Habib, I.",Ti₂CTₓ/OLC (5 wt%),"Ti₂C with –F, =O, –OH terminations; 5 wt% OLC (partially graphitised sp² carbon, synthesised at 1300°C)","LiF/HCl etching of Ti₂AlC + OLC mixed 95:5 (MX:OLC) in NMP, sonicated 4 h, vacuum dried",Multilayer; OLC intercalated between layers (confirmed by Raman and XPS),,,,,,,3.04 ± 0.005 mg (total electrode on 12 mm carbon paper; not area-normalised),1 M H₂SO₄ (aqueous),37 m² g⁻¹ (estimated upper bound from OLC weight fraction; not measured),5–200 mV s⁻¹,0.25–5 A g⁻¹,147.71 ± 0.24 F g⁻¹ at 0.25 A g⁻¹ (2-electrode symmetric T-type Swagelok),,
4,51,,"2019; Habib, I.",Ti₂CTₓ/OLC (10 wt%),"Ti₂C with –F, =O, –OH terminations; 10 wt% OLC (partially graphitised sp² carbon, synthesised at 1300°C)","LiF/HCl etching of Ti₂AlC + OLC mixed 90:10 (MX:OLC) in NMP, sonicated 4 h, vacuum dried",Multilayer; OLC intercalation confirmed by Raman,,,,,,,3.28 ± 0.005 mg (total electrode on 12 mm carbon paper; not area-normalised),1 M H₂SO₄ (aqueous),55 m² g⁻¹ (estimated upper bound from OLC weight fraction; not measured),5–200 mV s⁻¹,0.25–5 A g⁻¹,91.53 ± 0.14 F g⁻¹ at 0.25 A g⁻¹ (2-electrode symmetric T-type Swagelok),,
4,57,10.1016/j.jallcom.2018.11.172,"2019, Wang et al.",Ti3C2Tx/PDA-2,Ti3C2Tx + 2 wt% polydopamine,In situ oxidation polymerization of DA on Ti3C2Tx,Delaminated + PDA intercalated,28.9 Å,200 nm – 2 µm,,,,,2.35 mg cm⁻²,1 M H2SO4,,2 mV s⁻¹,8 mA cm⁻²,220 F g⁻¹,,517 mF cm⁻²
4,58,10.1016/j.jallcom.2018.11.172,"2019, Wang et al.",Ti3C2Tx/PDA-5,Ti3C2Tx + 5 wt% polydopamine,In situ oxidation polymerization of DA on Ti3C2Tx,Delaminated + PDA intercalated,31.1 Å,200 nm – 2 µm,,,,,2.58 mg cm⁻²,1 M H2SO4,,2 mV s⁻¹,8 mA cm⁻²,238 F g⁻¹,,614 mF cm⁻²
4,59,10.1016/j.jallcom.2018.11.172,"2019, Wang et al.",Ti3C2Tx/PDA-10,Ti3C2Tx + 10 wt% polydopamine,In situ oxidation polymerization of DA on Ti3C2Tx,Delaminated + PDA intercalated,35.5 Å,200 nm – 2 µm,,,,12.6 µm,2.75 mg cm⁻²,1 M H2SO4,,2 mV s⁻¹,8 mA cm⁻²,260 F g⁻¹,,715 mF cm⁻²
4,60,10.1016/j.nanoen.2017.06.009,2017; Wen et al.,Ti₃C₂Tₓ,"Ti₃C₂ with –OH, –F terminations; 15.5 at.% F, 27.1 at.% O","HF etching of Ti₃AlC₂ (50 w/w%, 3 h, RT)",Multilayer,0.96 nm,,,,,,3–4 mg cm⁻²,1 M H₂SO₄ / 1 M MgSO₄,,1 mV s⁻¹,,34 F g⁻¹ (H₂SO₄); 52 F g⁻¹ (MgSO₄),,
4,61,10.1016/j.nanoen.2017.06.009,2017; Wen et al.,N-Ti₃C₂Tₓ,"Ti₃C₂ with N at C sites; –OH, –F terminations; 1.7 at.% N, 13.5 at.% F","NH₃ annealing of HF-etched Ti₃C₂Tₓ at 200°C, 2 h, 100 ml/min",Multilayer,1.23 nm,,,,,,3–4 mg cm⁻²,1 M H₂SO₄ / 1 M MgSO₄,,1 mV s⁻¹,,192 F g⁻¹ (H₂SO₄); 82 F g⁻¹ (MgSO₄),,
4,62,10.1016/j.nanoen.2017.06.009,2017; Wen et al.,N-Ti₃C₂Tₓ,"Ti₃C₂ with N at C sites; 3.4 at.% N, 8.7 at.% F, 2.4 at.% Al (residual)","NH₃ annealing of HF-etched Ti₃C₂Tₓ at 300°C, 2 h, 100 ml/min",Multilayer,1.21 nm,,,,,,3–4 mg cm⁻²,1 M H₂SO₄ / 1 M MgSO₄,,1 mV s⁻¹,,45 F g⁻¹ (H₂SO₄); 64 F g⁻¹ (MgSO₄),,
4,63,10.1016/j.nanoen.2017.06.009,2017; Wen et al.,N-Ti₃C₂Tₓ,"Ti₃C₂ with N at C sites; 8.1 at.% N, 6.3 at.% F, 5.1 at.% Al (residual)","NH₃ annealing of HF-etched Ti₃C₂Tₓ at 500°C, 2 h, 100 ml/min",Multilayer (densely packed),0.96 nm,,,,,,3–4 mg cm⁻²,1 M H₂SO₄ / 1 M MgSO₄,,1 mV s⁻¹,,20 F g⁻¹ (H₂SO₄); 10 F g⁻¹ (MgSO₄),,
4,64,10.1016/j.nanoen.2017.06.009,2017; Wen et al.,N-Ti₃C₂Tₓ,"Ti₃C₂ with heavy N substitution; 20.7 at.% N, 0 at.% F; partial TiN phase transformation","NH₃ annealing of HF-etched Ti₃C₂Tₓ at 700°C, 2 h, 100 ml/min",Multilayer (amorphous/densely packed),,,,,,,3–4 mg cm⁻²,1 M H₂SO₄ / 1 M MgSO₄,,1 mV s⁻¹,,10 F g⁻¹ (H₂SO₄); 13 F g⁻¹ (MgSO₄),,
4,65,10.1016/j.jallcom.2017.09.256,"2017, Wu et al.",Ti3C2Tx,"Ti3C2 with -O, -OH, -F surface terminations","MILD etching (LiF/HCl, 35°C, 48 h), vacuum filtration to free-standing paper","Multilayer, delaminated nanosheets",29.4 Å (c-lattice); (002) peak at 2θ=6.0°,,,,,~6 µm,,1 M KOH (aqueous),,2 mV s⁻¹,10 A g⁻¹,84.4 F g⁻¹ (at 2 mV s⁻¹),295.4 F cm⁻³ (at 2 mV s⁻¹),
4,66,10.1039/c7ta05721k,"2017, Xu et al.",Ti₃C₂Tₓ,"Ti₃C₂ with –OH, –F, =O terminations; combined with rGO (GO:MXene = 3:1 w/w)","HF etching of Ti₃AlC₂ (50% HF, 60°C, 24h); vacuum-assisted filtration of GO/Ti₃C₂Tₓ dispersion; thermal reduction at 300°C under vacuum",Multilayer (partially delaminated to few-layer after ultrasonication),0.985 nm (HRTEM c-axis; (002) XRD peak at 2θ=8.8°),,,"~3 µm (BJH method, N₂ desorption isotherm)",,8 µm (micrometer caliper; ~10 µm by optical microscope),~2 mg cm⁻²,"6 M KOH (aqueous, 3-electrode); PVA/KOH gel (solid-state SC)",269.3 m² g⁻¹ (BET),20 mV s⁻¹,1 A g⁻¹,405 F g⁻¹ at 1 A g⁻¹ in 6 M KOH,370 F cm⁻³ at 0.92 A cm⁻³; 206 F cm⁻³ at 9.2 A cm⁻³,
4,67,10.1039/c7ta05721k,"2017, Xu et al.",Ti₃C₂Tₓ,"Ti₃C₂ with –OH, –F, =O terminations; combined with rGO (GO:MXene = 1:1 w/w)","HF etching of Ti₃AlC₂ (50% HF, 60°C, 24h); vacuum-assisted filtration; thermal reduction at 300°C under vacuum",Multilayer,0.985 nm (same MXene phase; (002) peak preserved after reduction),,,,,~8 µm (same filtration process),~2 mg cm⁻²,6 M KOH (aqueous),,20 mV s⁻¹,,,,
4,68,10.1039/c7ta05721k,"2017, Xu et al.",Ti₃C₂Tₓ,"Ti₃C₂ with –OH, –F, =O terminations; combined with rGO (GO:MXene = 2:1 w/w)","HF etching of Ti₃AlC₂ (50% HF, 60°C, 24h); vacuum-assisted filtration; thermal reduction at 300°C under vacuum",Multilayer,0.985 nm,,,,,~8 µm,~2 mg cm⁻²,6 M KOH (aqueous),,20 mV s⁻¹,,,,
4,69,10.1039/c7ta05721k,"2017, Xu et al.",Ti₃C₂Tₓ,"Ti₃C₂ with –OH, –F, =O terminations; combined with rGO (GO:MXene = 4:1 w/w); excess rGO causes aggregation","HF etching of Ti₃AlC₂ (50% HF, 60°C, 24h); vacuum-assisted filtration; thermal reduction at 300°C under vacuum",Multilayer,0.985 nm,,,,,~8 µm,~2 mg cm⁻²,6 M KOH (aqueous),,20 mV s⁻¹,,,,
4,70,10.1039/c7ta05721k,"2017, Xu et al.",Ti₃C₂Tₓ,"Ti₃C₂ with –OH, –F, =O terminations; no rGO binder; cast on Ni foam with acetylene black + PVDF","HF etching of Ti₃AlC₂ (50% HF, 60°C, 24h); powder coated on Ni foam with PVDF binder",Multilayer (accordion-like structure from SEM),0.985 nm (HRTEM c-axis),,,,,,~2 mg cm⁻²,6 M KOH (aqueous),,20 mV s⁻¹,1 A g⁻¹,45 F g⁻¹ at 1 A g⁻¹,,
4,71,10.1039/c7ta05721k,"2017, Xu et al.",Ti₃C₂Tₓ,rGO + Ti₃C₂Tₓ physically mixed at 3:1 w/w; with PVDF binder; cast on Ni foam,Physical mixing of rGO and Ti₃C₂Tₓ powders; coated on Ni foam with acetylene black + PVDF binder,,,,,,,,~2 mg cm⁻²,6 M KOH (aqueous),,20 mV s⁻¹,1 A g⁻¹,,,
4,72,10.1016/j.cej.2017.02.144,"2017, Xu et al.",Ti3C2Tx,"Ti3C2 with -OH, -F, =O terminations",HF etching + DMSO intercalation + ultrasonic delamination; modified EPD (MEPD) on nickel foam,Few-layer (<5),,,,~4 nm,,,0.53 mg cm-2 (1.2 mg total),1 M KOH,30.93 m2 g-1,5 mV s-1,0.5 A g-1,140 F g-1,,74 mF cm-2
4,73,10.1016/j.cej.2017.02.144,"2017, Xu et al.",Ti3C2Tx,"Ti3C2 with -OH, -F, =O terminations",HF etching + DMSO intercalation + ultrasonic delamination; modified EPD (MEPD) on nickel foam,Few-layer (<5),,,,~4 nm,,,1.47 mg cm-2 (3.3 mg total),1 M KOH,30.93 m2 g-1,5 mV s-1,0.5 A g-1,127 F g-1,,186 mF cm-2
4,74,10.1016/j.cej.2017.02.144,"2017, Xu et al.",Ti3C2Tx,"Ti3C2 with -OH, -F, =O terminations",HF etching + DMSO intercalation + ultrasonic delamination; modified EPD (MEPD) on nickel foam,Few-layer (<5),,,,~4 nm,,,1.78 mg cm-2 (4.1 mg total),1 M KOH,30.93 m2 g-1,5 mV s-1,0.5 A g-1,120 F g-1,,214 mF cm-2
4,75,10.1016/j.cej.2017.02.144,"2017, Xu et al.",Ti3C2Tx,"Ti3C2 with -OH, -F, =O terminations",HF etching + DMSO intercalation + ultrasonic delamination; modified EPD (MEPD) on nickel foam,Few-layer (<5),,,,~4 nm,,,2.13 mg cm-2 (4.8 mg total),1 M KOH,30.93 m2 g-1,5 mV s-1,0.5 A g-1,115 F g-1,,246 mF cm-2
5,0,https://www.sciencedirect.com/science/article/pii/S2352152X22012063,2022 Cho et al.,Ti₃C₂,"Ti₃C₂ with –OH, –F, =O; transforms to TiO₂/Ti₃C₂ hybrid after cycling","Ultra-sonication in 30 wt% HF, 5 h (best: SOM)",Few-layer,,,,,,,~5 mg cm⁻²,3 M KOH,,10 mV s⁻¹,0.4 (2 mA) / 2.0 (10 mA) A g⁻¹,141.45 (initial) → ~240 (post-cycling)  F g⁻¹,,
5,1,https://doi.org/10.1016/j.ensm.2021.04.037,2021 Kurra et al.,Ti₃C₂Tₓ (primary); Ti₂CTₓ (secondary),"Ti₃C₂ with –O, –OH, –F, –Cl surface terminations",Mixed-acid etching (HCl/HF) + LiCl-assisted delamination,Delaminated (single-layer flakes),12.16 Å,~220nm,,,,4µm,0.8mg cm⁻²,1 M H₂SO₄ (primary); 1 M Li₂SO₄; 1 M Na₂SO₄,,5mV s⁻¹,,350F g⁻¹,,0.55F cm⁻²
5,3,10.1002/adfm.202100015,2021 Rafieerad et al.,Ta₄C₃Tₓ,"Ta₄C₃ with –OH, =O surface terminations","MethodTwo-step HCl/KOH alkaline-assisted etching, room temperature (22 °C)",Multilayered,0.261nm,~5 (nanoparticle clusters)nm,,32.25nm,,,160mg per electrode,PVA/H₃PO₄ solid gel,41.79m² g⁻¹,1mV s⁻¹,1A g⁻¹,~97 (approx. half of TTO)F g⁻¹,~220 (approx. half of TTO)F cm⁻³,
5,4,10.1002/adfm.202100015,2021 Rafieerad et al.,Ta₄C₃Tₓ + Ta₂O₅/TaO₂,"Ta₄C₃ with –OH, =O terminations + Ta₂O₅ and TaO₂ crystals",Two-step HCl/KOH etching + thermal treatment at 220 °C for 2 h in air,"Multilayered, well-delaminated",0.261 / 0.368nm,~5nm,,24.42nm,,,160mg per electrode,PVA/H₃PO₄ solid gel,51.02m² g⁻¹,1mV s⁻¹,1A g⁻¹,194F g⁻¹,447F cm⁻³,
5,5,10.1002/advs.202000621,2020 Liang et al.,Ti₃C₂Tₓ,"Ti₃C₂ with –F, –OH, =O terminations + Ag nanoparticles","LiF/HCl etching + oxidation-reduction with AgCl colloid at 25°C, 150 rpm, 3 h",Delaminated; partial stacking retained,,20–30 nm (Ag nanoparticles on surface),,,,~5µm,,1 M NaCl (electrochemical); 10 mM NaCl (desalination),,0.5mV s⁻¹,20–100mA g⁻¹,76 mAh g⁻¹ at 100 mA g⁻¹,,
5,6,10.1002/advs.202000621,2020 Liang et al.,Ti₃C₂Tₓ,"Ti₃C₂ with –F, –OH, =O terminations + Ag nanoparticles; trace AgCl","LiF/HCl etching + oxidation-reduction with AgCl colloid at 25°C, 150 rpm, 6 h",Delaminated; more disordered stacking than Ag-3,,~50–100nm,,,,~5µm,,1 M NaCl (electrochemical); 10 mM NaCl (desalination),,0.5mV s⁻¹,30–100mA g⁻¹,~20–30 mAh g⁻¹¹ at 100 mA g⁻¹,,
5,7,10.1002/advs.202000621,2020 Liang et al.,Ti₃C₂Tₓ,"Ti₃C₂ with –F, –OH, =O terminations + Ag nanoparticles; no AgCl","iF/HCl (MILD) etching + oxidation-reduction with AgCl colloid at 25°C, 150 rpm, 9 h",Delaminated; disordered stacking,,~100–200nm,,,,~5µm,,1 M NaCl (electrochemical); 10 mM NaCl (desalination),,0.5mV s⁻¹,30–100mA g⁻¹,~25–35mAh g⁻¹¹ at 100 mA g⁻¹,,
5,8,10.1002/advs.202000621,2020 Liang et al.,Ti₃C₂Tₓ,"Ti₃C₂ with –F, –OH, =O terminations + large Ag particles; no AgCl","LiF/HCl (MILD) etching + oxidation-reduction with AgCl colloid at 25°C, 150 rpm, 12 h",Delaminated; most disordered stacking,,~300–500nm,,,,~5µm,,1 M NaCl (electrochemical); 10 mM NaCl (desalination),,0.5mV s⁻¹,30–100mA g⁻¹,~45mAh g⁻¹¹ at 100 mA g⁻¹,,
5,9,https://doi.org/10.1016/j.electacta.2020.136061,"2019 Maughan, Tapia-Ruiz, Bimbo",Ti₃C₂Tₓ,"Ti₃C₂ with =O, –F, –Cl terminations",NaF/HCl etching of Ti₃AlC₂ at 40 °C for 48 h,Multilayer,1.1nm,,,0.15 (interlayer pore height)nm,,,~2.8mg cm⁻²,0.1 M ZnSO₄ in DI water,,0.1mV s⁻¹,20mA g⁻¹,108 (initial discharge); 54 (after 20 cycles)mAh g⁻¹,,
5,10,https://doi.org/10.1016/j.electacta.2020.136061,"2019 Maughan, Tapia-Ruiz, Bimbo",Ti₃C₂Tₓ,"Ti₃C₂ with =O, –F, –Cl terminations + intercalated CTA⁺",NaF/HCl etching then ex-situ CTAB intercalation,Multilayer,1.5nm,,,0.55 (interlayer pore height)nm,,,~2.8mg cm⁻²,0.1 M ZnSO₄ in DI water,,0.1mV s⁻¹,20mA g⁻¹,105 (initial discharge); 42 (after 20 cycles)mAh g⁻¹,,
5,11,https://doi.org/10.1016/j.electacta.2020.136061,"2019 Maughan, Tapia-Ruiz, Bimbo",Ti₃C₂Tₓ,"Ti₃C₂ with =O, –F, –Cl terminations + in-situ CTA⁺ pillars",NaF/HCl etching; CTAB (0.1 wt%) dissolved directly in electrolyte,Multilayer,1.5nm,,,0.55 (interlayer pore height)nm,,,~2.8mg cm⁻²,0.1 M ZnSO₄ + 0.1 wt% CTAB in DI water,,0.1mV s⁻¹,20mA g⁻¹,189 (1st discharge); 92 (2nd cycle); 73 (optimised 0.2–1.2 V window)mAh g⁻¹,,
5,12,10.1016/j.est.2020.101446,2020 Chandran et al.,Ti₃C₂Tₓ,"Ti₃C₂ with –OH, –F, =O surface terminations","HF etching of Ti₃AlC₂ MAX phase, DMSO delamination","Delaminated, multilayer",,,,,,,~1.5mg (active material weight),1 M H₂SO₄,15.50m² g⁻¹,"20, 50, 100mV s⁻¹",0.4A g⁻¹,194F g⁻¹,,
5,13,10.1016/j.est.2020.101446,2020 Chandran et al.,Ti₃C₂Tₓ (host) + MoS₂ (confined),"Ti₃C₂ with MoS₂ intercalated between layers; –OH, –F, =O terminations retained",Incipient wetness impregnation of MoS₂ precursor into MXene; calcined at 300°C under N₂,"Delaminated, multilayer with MoS₂ confined between layers",Increased,,,,,,~1.5mg,1 M H₂SO₄,67.30m² g⁻¹,"20, 50, 100mV s⁻¹",0.4A g⁻¹,342F g⁻¹,,
5,14,10.1002/adma.202205723,"2022 Chen, Wang & Li",Ti₃C₂Tₓ,"Ti₃C₂ with –OH, –F, =O terminations; NH₃/NH₄⁺ intercalants","NH₄HF₂ etching in [C₄mim]Cl ionic liquid (viscous media), 70 °C, 3 days",Few-layer stacks (tens of nm thick); worm-like morphology,~12.5 Å (expanded; up to 16–18 Å in buckled/stressed regions),,28.2 ± 4.1 %,5–50 nm (nanosized pores); majority below 20 nm by mercury intrusion,,~150 µm (at 42 mg cm⁻²); range 45–148 µm studied,0.64–42 mg cm⁻² (best performance at 42 mg cm⁻²),1 M H₂SO₄,15.8 m² g⁻¹ (mercury intrusion),2 mV s⁻¹ (best gravimetric); 10 mV s⁻¹ (comparison),,"304 F g⁻¹ (coin cell, 2 mV s⁻¹); ~280 F g⁻¹ (thick electrode, 2 mV s⁻¹); 272 F g⁻¹ (conclusion summary)",770 F cm⁻³,"11.4 F cm⁻² (at 42 mg cm⁻², 2 mV s⁻¹); 3.65 F cm⁻² (coin cell, 12 mg cm⁻²)"
5,15,10.1002/adma.202205723,"2022 Chen, Wang & Li",Ti₃C₂Tₓ,"Ti₃C₂ with –OH, –F, =O terminations","10 wt% aqueous HF etching, 25 °C, 24 h",Accordion-like; rigid stacks,,,,,,,~2.5 mg cm⁻² (comparison test),1 M H₂SO₄,,10 mV s⁻¹,,~21 F g⁻¹ (at 10 mV s⁻¹),,
5,16,10.1002/adma.202205723,"2022 Chen, Wang & Li",Ti₃C₂Tₓ,"Ti₃C₂ with –OH, –F, =O terminations; NH₃/NH₄⁺ intercalants","NH₄HF₂ etching in H₂O, 25 °C, 24 h",Accordion-like; rigid stacks,~12.5 Å,,,7 nm and 32 nm peaks (from mercury intrusion Fig. 4b),,,28 mg cm⁻² (comparison test),1 M H₂SO₄,2.1 m² g⁻¹ (mercury intrusion),10 mV s⁻¹,,,,
5,17,10.1002/adma.202205723,"2022 Chen, Wang & Li",Ti₃C₂Tₓ,"Ti₃C₂ with –OH, –F, =O; intercalants removed by annealing",Same as Cl-MXene; subsequently annealed at 400 °C in Ar,Same as Cl-MXene (morphology retained after anneal),,,,,,,~2.5 mg cm⁻² (comparison test),1 M H₂SO₄,,10 mV s⁻¹,,,,
5,18,10.1002/eem2.12110,2020 Buczek et al.,Ti₃C₂Tₓ,"Ti₃C₂ with –F, –Cl, =O, –OH terminations",MILD (LiF/HCl etching) of Ti₃AlC₂ MAX phase; manual shaking delamination,Delaminated (single/few-layer),12.84Å,>1µm,,,,7µm,3.5–5.5mg cm⁻²,1 M NaCl,,5mV s⁻¹,,~80F g⁻¹,,
5,19,10.1002/eem2.12110,2020 Buczek et al.,Ti₃C₂Tₓ,"Ti₃C₂ with –F, –Cl, =O, –OH terminations","MILD (LiF/HCl) + probe sonication (20 min, 50% amplitude, ice bath)",Delaminated (single/few-layer),12.84Å,100 nm,,,,,3.5–5.5mg cm⁻²,1 M NaCl,,5mV s⁻¹,,~120F g⁻¹,,
5,20,10.1002/eem2.12110,2020 Buczek et al.,Ti₃C₂Tₓ,"Ti₃C₂ with –F, –Cl, =O, –OH terminations",MILD (LiF/HCl) + sequential vacuum filtration (S on top of L); HCDI version via doctor blade + spray coating,Delaminated (single/few-layer),12.84 (VAF) / 11.82 (blade-coated),Mixed: >1 µm (L) + hundreds nm (S),,,,10 (spray S layer) + 7 (blade L layer) = ~17 total lµm,3.5–5.5mg cm⁻²,"1 M NaCl, 1 M KCl, 1 M MgCl₂ (static); 15 mM NaCl (HCDI flow)",,5mV s⁻¹,,~110F g⁻¹,300 (NaCl); 270 (MgCl₂); 225 (KCl)F cm⁻³,
5,21,10.1021/acs.chemmater.0c02026,2020 Guo et al.,Ti₃C₂Tₓ,"Ti₃C₂ with –OH, –O, –F terminations",HF etching (40% concentrated HF),Multilayer,10.02Å,,,,,~60µm,~15mg cm⁻²,0.5 M Na₂SO₄,4.27m² g⁻¹,1mV s⁻¹,3mA cm⁻²,,90.1F cm⁻³,542.7mF cm⁻²
5,22,10.1021/acs.chemmater.0c02026,2020 Guo et al.,Ti₃C₂Tₓ,"Ti₃C₂ with –OH, –O, –F terminations; Al content 1.18%",MILD (LiF/HCl: 6 M HCl + 0.33 g LiF),Multilayer,12.15Å,,,,,~60µm,~15mg cm⁻²,0.5 M Na₂SO₄,1.91m² g⁻¹,1mV s⁻¹,3mA cm⁻²,,131.9F cm⁻³,794.0mF cm⁻²
5,23,10.1021/acs.chemmater.0c02026,2020 Guo et al.,Ti₃C₂Tₓ,"Ti₃C₂ with –OH, –O, –F, –SO₄ terminations; Al content 0.54%",LiF/H₂SO₄ etching (3 M H₂SO₄ + 0.33 g LiF),Multilayer,12.23Å,,,,,~60µm,~15mg cm⁻²,0.5 M Na₂SO₄,3.18m² g⁻¹,1mV s⁻¹,3mA cm⁻²,,218.7F cm⁻³,1399.0mF cm⁻²
5,24,10.1002/batt.201900185,"2019 Jung, Gund, Gogotsi, Park",Ti₃C₂Tₓ,"Ti₃C₂ with –OH, –F, =O surface terminations","LiF/HCl (MILD) etching, 9 M HCl + 7.5 M LiF, 35 °C, 24 hr",Few-layer,6.8 (MXene); 5.9 (rGO in MXrGO11)nm,,,,,,0.70 mg cm⁻²,1 M MgSO₄,,2  mV s⁻¹,2 A g⁻¹,,49 F cm⁻³,
5,25,10.1002/batt.201900185,"2019 Jung, Gund, Gogotsi, Park",Ti₃C₂Tₓ,"Ti₃C₂ with –OH, –F, =O surface terminations","LiF/HCl (MILD) etching, 9 M HCl + 7.5 M LiF, 35 °C, 24 hr",Few-layer,6.8 (MXene); 5.9 (rGO in MXrGO11)nm,,,,,,3.52 mg cm⁻²,1 M MgSO₄,,2  mV s⁻¹,2 A g⁻¹,,167 F cm⁻³,
5,26,10.1002/batt.201900185,"2019 Jung, Gund, Gogotsi, Park",Ti₃C₂Tₓ,"Ti₃C₂ with –OH, –F, =O surface terminations","LiF/HCl (MILD) etching, 9 M HCl + 7.5 M LiF, 35 °C, 24 hr",Few-layer,6.8 (MXene); 5.9 (rGO in MXrGO11)nm,,,,,,1.66 mg cm⁻²,1 M MgSO₄,,2  mV s⁻¹,2 A g⁻¹,,209 F cm⁻³,
5,27,10.1002/batt.201900185,"2019 Jung, Gund, Gogotsi, Park",Ti₃C₂Tₓ,"Ti₃C₂ with –OH, –F, =O surface terminations","LiF/HCl (MILD) etching, 9 M HCl + 7.5 M LiF, 35 °C, 24 hr",Few-layer,6.8 (MXene); 5.9 (rGO in MXrGO11)nm,,,,,,2.02 mg cm⁻²,1 M MgSO₄,,2  mV s⁻¹,2 A g⁻¹,,246 F cm⁻³,
5,28,10.1002/batt.201900185,"2019 Jung, Gund, Gogotsi, Park",Ti₃C₂Tₓ,"Ti₃C₂ with –OH, –F, =O surface terminations","LiF/HCl (MILD) etching, 9 M HCl + 7.5 M LiF, 35 °C, 24 hr",Few-layer,6.8 (MXene); 5.9 (rGO in MXrGO11)nm,,,,,,2.46 mg cm⁻²,1 M MgSO₄,,2  mV s⁻¹,2 A g⁻¹,,267 F cm⁻³,
5,29,10.1002/batt.201900185,"2019 Jung, Gund, Gogotsi, Park",Ti₃C₂Tₓ,"Ti₃C₂ with –OH, –F, =O surface terminations","LiF/HCl (MILD) etching, 9 M HCl + 7.5 M LiF, 35 °C, 24 hr",Few-layer,6.8 (MXene); 5.9 (rGO in MXrGO11)nm,,,,,,,1 M MgSO₄,,2  mV s⁻¹,2 A g⁻¹,,439 F cm⁻³,
5,30,10.3390/jcs9030139,2025 Anjum et al.,Ti₃C₂Tₓ,"Ti₃C₂ with –OH, –F, =O terminations",MILD (LiF/HCl etching),Delaminated,3nm,,,,,,5.9 g m⁻²,1 M Na₂SO₄,,,,,,
5,31,10.3390/jcs9030139,2025 Anjum et al.,Ti₃C₂Tₓ,"Ti₃C₂ with –OH, –F, =O terminations",MILD (LiF/HCl etching),Delaminated,3nm,,,,,,5.9 g m⁻²,1 M Na₂SO₄,,,,,,
5,32,10.3390/jcs9030139,2025 Anjum et al.,Ti₃C₂Tₓ,"Ti₃C₂ with –OH, –F, =O terminations",MILD (LiF/HCl etching),Delaminated,3nm,,,,,,6 g m⁻²,1 M Na₂SO₄,,100mV s⁻¹,,493F g⁻¹,,
5,33,10.1002/pssa.201900806,2020 Li et al.,Ti₃C₂,"Ti₃C₂ with –F, –OH, =O surface terminations","NH₄HF₂ etching of Ti₃AlC₂ MAX (2 M, 40°C, 18 h)","Multilayer, partially opened",10.8Å,,,,,,1.1 mg cm⁻²,1 M KOH,15.8m² g⁻¹,20mV s⁻¹,1A g⁻¹,333.3F g⁻¹,,
5,34,10.1002/pssa.201900806,2020 Li et al.,Ti₃C₂,"Ti₃C₂ with K⁺, NH₄⁺ intercalants; –F, –OH, =O, K–F surface groups","NH₄HF₂ etching (2 M, 40°C, 18 h) followed by KOH addition (40 mL, 1.8 M, 4 h stirring)","Multilayer, highly opened",12.4Å,,,,,,1.1 mg cm⁻²,1 M KOH,23.6m² g⁻¹,20mV s⁻¹,1A g⁻¹,690.9F g⁻¹,,
5,42,10.1007/s40820-020-00450-0,2020 Wang et al.,Ti₃C₂Tₓ / MoO₃,Ti₃C₂Tₓ + 10 wt% MoO₃ nanobelts,Vacuum-assisted filtration of MXene + MoO₃ dispersion,,,,,,,,~1 mg cm⁻²,1 M H₂SO₄,,3 mV s⁻¹,10 mA cm⁻²,447 F g⁻¹,,
5,43,10.1007/s40820-020-00450-0,2020 Wang et al.,Ti₃C₂Tₓ / MoO₃,Ti₃C₂Tₓ + 20 wt% MoO₃ nanobelts,Vacuum-assisted filtration of MXene + MoO₃ dispersion,,,,,,,3.0 µm,~1 mg cm⁻²,1 M H₂SO₄,,3 mV s⁻¹,10 mA cm⁻²,545 F g⁻¹,1817 F cm⁻³,
5,44,10.1007/s40820-020-00450-0,2020 Wang et al.,Ti₃C₂Tₓ / MoO₃,Ti₃C₂Tₓ + 30 wt% MoO₃ nanobelts,Vacuum-assisted filtration of MXene + MoO₃ dispersion,,,,,,,Thicker than 20%,~1 mg cm⁻²,1 M H₂SO₄,,3 mV s⁻¹,10 mA cm⁻²,580 F g⁻¹,Lower than 20%;,
5,45,10.1021/acs.est.9b05759,2020 Shen et al.,Ti₃C₂Tₓ,"Ti₃C₂ with –OH, –F terminations",LiF/HCl etching + DMSO delamination,Delaminated (single-layer confirmed by TEM ~10 Å thick),15.92Å,≥1 µm,,,,,,1 M NaCl,,5mV s⁻¹,100mA g⁻¹,151.9F g⁻¹,,
5,46,10.1021/acs.est.9b05759,2020 Shen et al.,Ti₃C₂Tₓ,"Ti₃C₂ with –OH, –F terminations",LiF/HCl etching + DMSO delamination + extended sonication (2 h),Delaminated (single-layer),11.36 (film); 22.19 Å post-DMSO intercalation,~350 nm,,,,,,1 M NaCl,,5mV s⁻¹,100mA g⁻¹,156.7F g⁻¹,,
5,47,10.1021/acs.est.9b05759,2020 Shen et al.,Ti₃C₂Tₓ,"Ti₃C₂ with –OH, –F terminations",Mixed from L and S dispersions; vacuum filtered,Mixed large + small delaminated sheets,22.19Å,200 nm–1 µm,,,,,,1 M NaCl,,5mV s⁻¹,100mA g⁻¹,169.6F g⁻¹,,
5,48,10.1016/j.electacta.2022.140144,2022 Shen et al.,Nb₂CTₓ,"Nb₂C MXene with Co₃O₄ nanoparticles; surface terminations –OH, –F, =O","LiF/HCl etching of Nb₂AlC MAX, then hydrothermal (185 °C, 8 h) co-assembly with Co(NO₃)₂","Multilayer, well-layered structure",6.7° (2θ) → expanded from 7.1° after Co₃O₄ insertion,,,,,,~1mg cm⁻²,"6 M KOH (gel, PVA-KOH)",,10mV s⁻¹,2A g⁻¹,1061F g⁻¹,,
5,49,10.1016/j.electacta.2022.140144,2022 Shen et al.,Nb₂CTₓ,"Nb₂C with –OH, –F, =O terminations",LiF/HCl etching of Nb₂AlC MAX at 180 °C for 24 h,"Multilayer, well-layered","7.1° (2θ), shifted from 12.8° in MAX",,,,,,~1mg cm⁻²,6 M KOH,,10mV s⁻¹,2A g⁻¹,Lower than Co-MXeneF g⁻¹,,
5,52,10.1002/smtd.202201724,2014 Dall'Agnese et al.,Ti₃C₂Tₓ,"Ti₃C₂ with –OH, –F, =O terminations",HF etching,Accordion-like,,,,,,,,1 M H₂SO₄,,2 mV s⁻¹,,,415 F cm⁻³ @ 2 mV s⁻¹,
5,53,10.1002/smtd.202201724,2020 Li et al.,Ti₃C₂Tₓ,Ti₃C₂Tₓ,CuCl + APS,Accordion-like,,,,,,,,1 M LiPF₆,,0.5 mV s⁻¹,,738 C g⁻¹ @ 0.5 mV s⁻¹,,
5,54,10.1002/smtd.202201724,2022 Liu et al.,Ti₃C₂Tₓ,Ti₃C₂Tₓ,CuCl₂ + NaCl + KCl + TBAOH,Parallel restacked layered,,,,,,,,1 M LiPF₆ in EC/DC (1:1),,,0.2 A g⁻¹,225 mAh g⁻¹ @ 0.2 A g⁻¹,,
5,55,10.1002/smtd.202201724,2023 Wu et al.,Ti₃C₂Tₓ,Ti₃C₂Tₓ,Microwave-assisted etching,Multilayer hexagonal,,,,,,,,3 M KCl,,,1 A g⁻¹,396.17 F g⁻¹ @ 1 A g⁻¹,,
5,56,10.1002/smtd.202201724,2018 Yang et al.,Ti₃C₂Tₓ,Ti₃C₂Tₓ,NH₄Cl + TMOAH,Bilayer flake,,,,,,,,PVA/H₂SO₄,,10 mV s⁻¹,,,439 F cm⁻³ @ 10 mV s⁻¹,
5,57,10.1002/smtd.202201724,2019 Wang et al.,Ti₃C₂Tₓ,Ti₃C₂Tₓ,HCl + LiF,Nanosheets,,,,,,,,LiTFSI–PC,,2 mV s⁻¹,,195 F g⁻¹ @ 2 mV s⁻¹,,
5,58,10.1002/smtd.202201724,2023 Liu et al.,Ti₃C₂Tₓ,Ti₃C₂Tₓ,HCl + LiF,Nanosheets,,,,,,,,MSA/PVA,,100 mA cm⁻²,,,,1719 mF cm⁻² @ 100 mA cm⁻²
5,59,10.1002/smtd.202201724,2022 Feng et al.,Ti₃C₂Tₓ,Ti₃C₂Tₓ,HCl + LiF,Nanosheets,,,,,,,,EMIMBF₄,,1 V s⁻¹,,,277 µF cm⁻³ @ 1 V s⁻¹,
5,60,10.1002/smtd.202201724,2016 Lin et al.,Ti₃C₂Tₓ,Ti₃C₂Tₓ,HCl + LiF,2D layered,,,,,,,,EMITFSI,,20 mV s⁻¹,,70 F g⁻¹ @ 20 mV s⁻¹,,
5,61,10.1002/smtd.202201724,2019 Zheng et al.,Ti₃C₂Tₓ,Ti₃C₂Tₓ,HCl + LiF,2D layered,,,,,,,,EMIMBF₄/PVDF-HFP,,50 mV s⁻¹,,,96 F cm⁻³ @ 50 mV s⁻¹,
5,62,10.1002/smtd.202201724,2022 Zhu et al.,Ti₃C₂Tₓ,Ti₃C₂Tₓ,HCl + LiF,2D layered,,,,,,,,Water-in-LiCl salt gel,,5 mV s⁻¹,,,,19.9 mF cm⁻³ @ 5 mV s⁻¹
5,65,10.1002/smtd.202201724,2021 Xia et al.,Ti₃C₂Tₓ,Ti₃C₂Tₓ,HCl + HF,Wavy shape,,,,,,,,19.8 M LiCl,,2 mV s⁻¹,,104 F g⁻¹ @ 2 mV s⁻¹,,
5,66,10.1002/smtd.202201724,2018 Bao et al.,Ti₃C₂Tₓ,Ti₃C₂Tₓ,HF etching,3D porous,,,,,,,,1 M NaCl,,5 mV s⁻¹,,,410 F cm⁻³ @ 5 mV s⁻¹,
5,69,10.1002/smtd.202201724,2019 Shang et al.,Ti₃C₂Tₓ/NiO,Ti₃C₂Tₓ + NiO composite,HCl + LiF,3D porous,,,,,,,,1 M Na₂SO₄,,2 mV s⁻¹,,,341 F cm⁻³ @ 2 mV s⁻¹,
5,70,10.1002/smtd.202201724,2018 Fu et al.,Ti₃C₂Tₓ/SCNT,Ti₃C₂Tₓ + single-wall CNT composite,HCl + LiF,Orderly stacked layers,,,,,,,,1 M KOH,,2 mV s⁻¹,,,220 mF cm⁻³ @ 2 mV s⁻¹,
5,71,10.1002/smtd.202201724,2021 Li et al.,Ti₃C₂Tₓ/CNTs,Ti₃C₂Tₓ + CNTs composite,HCl + LiF,Orderly stacked layers,,,,,,,,1 M Na₂SO₄,,3 mA cm⁻²,,,,1.94 F cm⁻² @ 3 mA cm⁻²
5,72,10.1002/smtd.202201724,2016 Dall'Agnese et al.,Ti₃C₂Tₓ/CNTs,Ti₃C₂Tₓ + CNTs composite,HCl + LiF,Orderly stacked layers,,,,,,,,1 M EMITFSI in ACN,,2 mV s⁻¹,,,245 mF cm⁻³ @ 2 mV s⁻¹,
5,73,10.1002/smtd.202201724,2022 Fan et al.,Ti₃C₂Tₓ/PPy,Ti₃C₂Tₓ + polypyrrole composite,HCl + LiF,2D layered,,,,,,,,[EMIM]NTf₂,,20 mV s⁻¹,,51.85 F g⁻¹ @ 20 mV s⁻¹,,
5,75,10.1002/smtd.202201724,2022 Tahir et al.,Ti₃C₂Tₓ/V₂O₅,Ti₃C₂Tₓ + V₂O₅ composite,HF etching,Lamellar,,,,,,,,1 M K₂SO₄,,10 mV s⁻¹ (V),,1024 F g⁻¹ @ 10 mV s⁻¹,,
5,76,10.1002/smtd.202201724,2021 Zhang et al.,Ti₃C₂Tₓ/MnO₂,Ti₃C₂Tₓ + MnO₂ composite,HCl + LiF,Layered,,,,,,,,1 M Na₂SO₄,,,1 A g⁻¹,452 F g⁻¹ @ 1 A g⁻¹,,
5,77,10.1002/smtd.202201724,2017 Luo et al.,Ti₃C₂Tₓ@CTAB,Ti₃C₂Tₓ pillared with CTAB,HF etching,Pillared,,,,,,,,1 M LiPF₆ in EC/DEC/EMC (1:1:1) + 1 wt% FEC,,,1 A g⁻¹,506 mAh g⁻¹ @ 1 A g⁻¹,,
5,80,10.1002/smtd.202201724,2022 Zhu et al.,Ti₃C₂Tₓ/AC/TEAPW12,Ti₃C₂Tₓ + activated carbon + TEAPW12 composite,LiF + HCl,3D porous,,,,,,,,1 M TEABF₄ in ACN,,1 mV s⁻¹,,76 F g⁻¹ @ 1 mV s⁻¹,,
